Name,Author,User Rating,Reviews,Price,Date,Genre
Lettering and Modern Calligraphy: A Beginner's Guide: Learn Hand Lettering and Brush Lettering,Paper Peony Press,4.4,7550,6,5-4-18,Non Fiction
Liberty and Tyranny: A Conservative Manifesto,Mark R. Levin,4.8,3828,15,8-1-09,Non Fiction
Life,Keith Richards,4.5,2752,18,2-10-10,Non Fiction
Little Bee: A Novel,Chris Cleave,4.1,1467,10,2-10-10,Fiction
Little Blue Truck,Alice Schertle,4.9,1884,0,6-1-14,Fiction
Little Fires Everywhere,Celeste Ng,4.5,25706,12,5-4-18,Fiction
Looking for Alaska,John Green,4.5,8491,7,6-1-14,Fiction
"Love Wins: A Book About Heaven, Hell, and the Fate of Every Person Who Ever Lived",Rob Bell,4.2,1649,13,9-5-2011,Non Fiction
Love You Forever,Robert Munsch,4.8,18613,5,8-1-15,Fiction
Magnolia Table: A Collection of Recipes for Gathering,Joanna Gaines,4.8,9867,16,5-4-18,Non Fiction
Make It Ahead: A Barefoot Contessa Cookbook,Ina Garten,4.5,1386,20,6-1-14,Non Fiction
Make Your Bed: Little Things That Can Change Your Life...And Maybe the World,Admiral William H. McRaven,4.7,10199,11,1-1-17,Non Fiction
"Mastering the Art of French Cooking, Vol. 2",Julia Child,4.8,2926,27,8-1-09,Non Fiction
Milk and Honey,Rupi Kaur,4.7,17739,8,12-1-16,Non Fiction
Milk and Vine: Inspirational Quotes From Classic Vines,Adam Gasiewski,4.4,3113,6,1-1-17,Non Fiction
Mindset: The New Psychology of Success,Carol S. Dweck,4.6,5542,10,6-1-14,Non Fiction
Mockingjay (The Hunger Games),Suzanne Collins,4.5,26741,8,2-10-10,Fiction
"National Geographic Kids Why?: Over 1,111 Answers to Everything",Crispin Boyer,4.8,5347,16,2-1-19,Non Fiction
National Geographic Little Kids First Big Book of Why (National Geographic Little Kids First Big Books),Amy Shields,4.8,7866,11,2-1-19,Non Fiction
New Moon (The Twilight Saga),Stephenie Meyer,4.6,5680,10,8-1-09,Fiction
Night (Night),Elie Wiesel,4.7,5178,9,12-1-16,Non Fiction
No Easy Day: The Autobiography of a Navy Seal: The Firsthand Account of the Mission That Killed Osama Bin Laden,Mark Owen,4.6,8093,14,10-10-12,Non Fiction
Obama: An Intimate Portrait,Pete Souza,4.9,3192,22,1-1-17,Non Fiction
"Oh, the Places You'll Go!",Dr. Seuss,4.9,21834,8,10-10-12,Fiction
Old School (Diary of a Wimpy Kid #10),Jeff Kinney,4.8,6169,7,8-1-15,Fiction
Olive Kitteridge,Elizabeth Strout,4.2,4519,12,8-1-09,Fiction
One Thousand Gifts: A Dare to Live Fully Right Where You Are,Ann Voskamp,4.6,3163,13,10-10-12,Non Fiction
"Option B: Facing Adversity, Building Resilience, and Finding Joy",Sheryl Sandberg,4.5,1831,9,1-1-17,Non Fiction
Origin: A Novel (Robert Langdon),Dan Brown,4.3,18904,13,1-1-17,Fiction
Orphan Train,Christina Baker Kline,4.6,21930,11,6-1-14,Fiction
Outliers: The Story of Success,Malcolm Gladwell,4.6,10426,20,2-10-10,Non Fiction
P is for Potty! (Sesame Street) (Lift-the-Flap),Naomi Kleinberg,4.7,10820,5,2-1-19,Non Fiction
Percy Jackson and the Olympians Paperback Boxed Set (Books 1-3),Rick Riordan,4.8,548,2,2-10-10,Fiction
Player's Handbook (Dungeons & Dragons),Wizards RPG Team,4.8,16990,27,2-1-19,Fiction
Pokémon Deluxe Essential Handbook: The Need-to-Know Stats and Facts on Over 700 Pokémon,Scholastic,4.7,3503,9,12-1-16,Fiction
Proof of Heaven: A Neurosurgeon's Journey into the Afterlife,Eben Alexander,4.3,13616,10,10-10-12,Non Fiction
Proof of Heaven: A Neurosurgeon's Journey into the Afterlife,Eben Alexander,4.3,13616,10,7-10-13,Non Fiction
"Publication Manual of the American Psychological Association, 6th Edition",American Psychological Association,4.5,8580,46,5-4-18,Non Fiction
Puppy Birthday to You! (Paw Patrol) (Little Golden Book),Golden Books,4.8,4757,4,1-1-17,Fiction
Quiet: The Power of Introverts in a World That Can't Stop Talking,Susan Cain,4.6,10009,7,7-10-13,Non Fiction
Radical: Taking Back Your Faith from the American Dream,David Platt,4.7,1985,9,9-5-2011,Non Fiction
Ready Player One: A Novel,Ernest Cline,4.6,22536,12,5-4-18,Fiction
Rush Revere and the First Patriots: Time-Travel Adventures With Exceptional Americans (2),Rush Limbaugh,4.9,3836,12,6-1-14,Fiction
"Salt, Fat, Acid, Heat: Mastering the Elements of Good Cooking",Samin Nosrat,4.8,7802,20,2-1-19,Non Fiction
Sarah's Key,Tatiana de Rosnay,4.6,3619,10,2-10-10,Fiction
"School Zone - Big Preschool Workbook - Ages 4 and Up, Colors, Shapes, Numbers 1-10, Alphabet, Pre-Writing, Pre-Reading…",School Zone,4.8,23047,6,2-1-19,Non Fiction
"Secret Garden: An Inky Treasure Hunt and Coloring Book (For Adults, mindfulness coloring)",Johanna Basford,4.7,9366,9,8-1-15,Non Fiction
Ship of Fools: How a Selfish Ruling Class Is Bringing America to the Brink of Revolution,Tucker Carlson,4.8,3923,16,5-4-18,Non Fiction
Shred: The Revolutionary Diet: 6 Weeks 4 Inches 2 Sizes,Ian K. Smith M.D.,4.1,2272,6,7-10-13,Non Fiction
Sookie Stackhouse,Charlaine Harris,4.7,973,25,8-1-09,Fiction
"Soul Healing Miracles: Ancient and New Sacred Wisdom, Knowledge, and Practical Techniques for Healing the Spiritual…",Zhi Gang Sha,4.6,220,17,7-10-13,Non Fiction
Steve Jobs,Walter Isaacson,4.6,7827,20,10-10-12,Non Fiction
Strange Planet (Strange Planet Series),Nathan W. Pyle,4.9,9382,6,2-1-19,Fiction
StrengthsFinder 2.0,Gallup,4,5069,17,8-1-09,Non Fiction
"Super Freakonomics: Global Cooling, Patriotic Prostitutes, and Why Suicide Bombers Should Buy Life Insurance",Steven D. Levitt,4.5,1583,18,8-1-09,Non Fiction
Switch: How to Change Things When Change Is Hard,Chip Heath,4.6,1907,13,2-10-10,Non Fiction
Sycamore Row (Jake Brigance),John Grisham,4.5,23114,18,7-10-13,Fiction
Teach Like a Champion: 49 Techniques that Put Students on the Path to College,Doug Lemov,4.4,637,20,9-5-2011,Non Fiction
The 17 Day Diet: A Doctor's Plan Designed for Rapid Results,Mike Moreno,4.3,2314,22,9-5-2011,Non Fiction
"The 4 Hour Body: An Uncommon Guide to Rapid Fat Loss, Incredible Sex and Becoming Superhuman",Timothy Ferriss,4.3,4587,21,9-5-2011,Non Fiction
The 5000 Year Leap,W. Cleon Skousen,4.8,1680,12,8-1-09,Non Fiction
The 7 Habits of Highly Effective People: Powerful Lessons in Personal Change,Stephen R. Covey,4.7,4725,16,1-1-17,Non Fiction
The Alchemist,Paulo Coelho,4.7,35799,39,6-1-14,Fiction
The Amateur,Edward Klein,4.6,2580,9,10-10-12,Non Fiction
The Art of Racing in the Rain: A Novel,Garth Stein,4.7,11813,10,2-10-10,Fiction
The Art of Racing in the Rain: A Novel,Garth Stein,4.7,11813,10,9-5-2011,Fiction
The Big Short: Inside the Doomsday Machine,Michael Lewis,4.7,3536,17,2-10-10,Non Fiction
The Blood of Olympus (The Heroes of Olympus (5)),Rick Riordan,4.8,6600,11,6-1-14,Fiction
"The Blood Sugar Solution: The UltraHealthy Program for Losing Weight, Preventing Disease, and Feeling Great Now!",Mark Hyman M.D.,4.2,1789,14,10-10-12,Non Fiction
"The Body Keeps the Score: Brain, Mind, and Body in the Healing of Trauma",Bessel van der Kolk M.D.,4.8,12361,12,2-1-19,Non Fiction
The Book of Basketball: The NBA According to The Sports Guy,Bill Simmons,4.7,858,53,8-1-09,Non Fiction
The Book Thief,Markus Zusak,4.6,23148,6,6-1-14,Fiction
The Book with No Pictures,B. J. Novak,4.8,8081,8,8-1-15,Fiction
The Boys in the Boat: Nine Americans and Their Epic Quest for Gold at the 1936 Berlin Olympics,Daniel James Brown,4.8,23358,12,8-1-15,Non Fiction
The Casual Vacancy,J.K. Rowling,3.3,9372,12,10-10-12,Fiction
The China Study: The Most Comprehensive Study of Nutrition Ever Conducted And the Startling Implications for Diet…,Thomas Campbell,4.7,4633,21,9-5-2011,Non Fiction
The Complete Ketogenic Diet for Beginners: Your Essential Guide to Living the Keto Lifestyle,Amy Ramos,4.3,13061,6,2-1-19,Non Fiction
The Confession: A Novel,John Grisham,4.3,3523,13,2-10-10,Fiction
The Constitution of the United States,"Delegates of the Constitutional",4.8,2774,0,12-1-16,Non Fiction
The Daily Show with Jon Stewart Presents Earth (The Book): A Visitor's Guide to the Human Race,Jon Stewart,4.4,440,11,2-10-10,Non Fiction
The Day the Crayons Quit,Drew Daywalt,4.8,8922,9,8-1-15,Fiction
"The Dukan Diet: 2 Steps to Lose the Weight, 2 Steps to Keep It Off Forever",Pierre Dukan,4.1,2023,15,9-5-2011,Non Fiction
The Elegance of the Hedgehog,Muriel Barbery,4,1859,11,8-1-09,Fiction
The Fault in Our Stars,John Green,4.7,50482,13,6-1-14,Fiction
The Five Dysfunctions of a Team: A Leadership Fable,Patrick Lencioni,4.6,3207,6,8-1-09,Non Fiction
The Five Love Languages: How to Express Heartfelt Commitment to Your Mate,Gary Chapman,4.6,803,9,8-1-09,Non Fiction
The Getaway,Jeff Kinney,4.8,5836,0,1-1-17,Fiction
The Girl on the Train,Paula Hawkins,4.1,79446,18,8-1-15,Fiction
The Girl Who Kicked the Hornet's Nest (Millennium Trilogy),Stieg Larsson,4.7,7747,14,2-10-10,Fiction
The Girl Who Played with Fire (Millennium Series),Stieg Larsson,4.7,7251,9,2-10-10,Fiction
The Girl Who Played with Fire (Millennium),Stieg Larsson,4.7,7251,16,8-1-09,Fiction
The Girl with the Dragon Tattoo (Millennium Series),Stieg Larsson,4.4,10559,2,2-10-10,Fiction
The Going-To-Bed Book,Sandra Boynton,4.8,5249,5,1-1-17,Fiction
The Goldfinch: A Novel (Pulitzer Prize for Fiction),Donna Tartt,3.9,33844,20,6-1-14,Fiction
The Great Gatsby,F. Scott Fitzgerald,4.4,11616,7,6-1-14,Fiction
The Guardians: A Novel,John Grisham,4.5,13609,14,2-1-19,Fiction
The Guernsey Literary and Potato Peel Pie Society,Mary Ann Shaffer,4.7,8587,10,8-1-09,Fiction
The Handmaid's Tale,Margaret Atwood,4.3,29442,7,1-1-17,Fiction
The Harbinger: The Ancient Mystery that Holds the Secret of America's Future,Jonathan Cahn,4.6,11098,13,10-10-12,Fiction
The Hate U Give,Angie Thomas,4.8,9947,11,5-4-18,Fiction
The Help,Kathryn Stockett,4.8,13871,7,9-5-2011,Fiction
"The House of Hades (Heroes of Olympus, Book 4)",Rick Riordan,4.8,6982,14,7-10-13,Fiction
The Hunger Games,Suzanne Collins,4.7,32122,14,2-10-10,Fiction
The Hunger Games (Book 1),Suzanne Collins,4.7,32122,8,10-10-12,Fiction
The Hunger Games Trilogy Boxed Set (1),Suzanne Collins,4.8,16949,30,10-10-12,Fiction
The Immortal Life of Henrietta Lacks,Rebecca Skloot,4.7,9289,9,10-10-12,Non Fiction
The Instant Pot Electric Pressure Cooker Cookbook: Easy Recipes for Fast & Healthy Meals,Laurel Randolph,4.3,7368,7,5-4-18,Non Fiction
The Last Lecture,Randy Pausch,4.7,4028,9,8-1-09,Non Fiction
"The Last Olympian (Percy Jackson and the Olympians, Book 5)",Rick Riordan,4.8,4628,7,2-10-10,Fiction
The Legend of Zelda: Hyrule Historia,Patrick Thorpe,4.9,5396,20,7-10-13,Fiction
The Lego Ideas Book: Unlock Your Imagination,Daniel Lipkowitz,4.4,4247,13,9-5-2011,Non Fiction
The Lego Ideas Book: Unlock Your Imagination,Daniel Lipkowitz,4.4,4247,13,10-10-12,Non Fiction
The Life-Changing Magic of Tidying Up: The Japanese Art of Decluttering and Organizing,Marie Kondō,4.5,22641,11,2-1-19,Non Fiction
The Litigators,John Grisham,4.4,6222,18,9-5-2011,Fiction
"The Lost Hero (Heroes of Olympus, Book 1)",Rick Riordan,4.8,4506,14,2-10-10,Fiction
The Lost Symbol,Dan Brown,4.2,8747,19,8-1-09,Fiction
The Love Dare,Stephen Kendrick,4.8,1655,13,8-1-09,Non Fiction
The Magnolia Story,Chip Gaines,4.9,7861,5,12-1-16,Non Fiction
"The Mark of Athena (Heroes of Olympus, Book 3)",Rick Riordan,4.8,6247,10,10-10-12,Fiction
The Martian,Andy Weir,4.7,39459,9,8-1-15,Fiction
The Maze Runner (Book 1),James Dashner,4.5,10101,8,6-1-14,Fiction
The Meltdown (Diary of a Wimpy Kid Book 13),Jeff Kinney,4.8,5898,8,5-4-18,Fiction
The Mueller Report,The Washington Post,4.6,2744,12,2-1-19,Non Fiction
The Nightingale: A Novel,Kristin Hannah,4.8,49288,11,8-1-15,Fiction
The Nightingale: A Novel,Kristin Hannah,4.8,49288,11,12-1-16,Fiction
The Official SAT Study Guide,The College Board,4.4,1201,40,2-10-10,Non Fiction
The Official SAT Study Guide,The College Board,4.4,1201,40,9-5-2011,Non Fiction
The Official SAT Study Guide,The College Board,4.4,1201,40,10-10-12,Non Fiction
The Official SAT Study Guide,The College Board,4.4,1201,40,7-10-13,Non Fiction
The Official SAT Study Guide,The College Board,4.4,1201,40,6-1-14,Non Fiction
"The Official SAT Study Guide, 12-01-2016 Edition (Official Study Guide for the New Sat)",The College Board,4.3,807,36,12-1-16,Non Fiction
The Paris Wife: A Novel,Paula McLain,4.3,3759,16,9-5-2011,Fiction
"The Pioneer Woman Cooks: A Year of Holidays: 140 Step-by-Step Recipes for Simple, Scrumptious Celebrations",Ree Drummond,4.8,2663,17,7-10-13,Non Fiction
"The Pioneer Woman Cooks: Dinnertime - Comfort Classics, Freezer Food, 16-minute Meals, and Other Delicious Ways to Solve…",Ree Drummond,4.8,3428,14,8-1-15,Non Fiction
The Pioneer Woman Cooks: Food from My Frontier,Ree Drummond,4.8,2876,21,10-10-12,Non Fiction
"The Plant Paradox Cookbook: 100 Delicious Recipes to Help You Lose Weight, Heal Your Gut, and Live Lectin-Free",Dr. Steven R Gundry MD,4.5,3601,18,5-4-18,Non Fiction
"The Plant Paradox: The Hidden Dangers in ""Healthy"" Foods That Cause Disease and Weight Gain",Dr. Steven R Gundry MD,4.4,7058,17,5-4-18,Non Fiction
The Pout-Pout Fish,Deborah Diesen,4.8,9784,5,5-4-18,Fiction
The Power of Habit: Why We Do What We Do in Life and Business,Charles Duhigg,4.6,10795,21,10-10-12,Non Fiction
The President Is Missing: A Novel,James Patterson,4.3,10191,18,5-4-18,Fiction
The Racketeer,John Grisham,4.3,14493,18,10-10-12,Fiction
"The Red Pyramid (The Kane Chronicles, Book 1)",Rick Riordan,4.6,2186,12,2-10-10,Fiction
"The Road to Serfdom: Text and Documents--The Definitive Edition (The Collected Works of F. A. Hayek, Volume 2)",F. A. Hayek,4.6,1204,14,2-10-10,Non Fiction
"The Serpent's Shadow (The Kane Chronicles, Book 3)",Rick Riordan,4.8,2091,12,10-10-12,Fiction
The Shack: Where Tragedy Confronts Eternity,William P. Young,4.6,19720,8,8-1-09,Fiction
The Shack: Where Tragedy Confronts Eternity,William P. Young,4.6,19720,8,1-1-17,Fiction
The Short Second Life of Bree Tanner: An Eclipse Novella (The Twilight Saga),Stephenie Meyer,4.6,2122,0,2-10-10,Fiction
The Silent Patient,Alex Michaelides,4.5,27536,14,2-1-19,Fiction
"The Son of Neptune (Heroes of Olympus, Book 2)",Rick Riordan,4.8,4290,10,9-5-2011,Fiction
The Subtle Art of Not Giving a F*ck: A Counterintuitive Approach to Living a Good Life,Mark Manson,4.6,26490,15,2-1-19,Non Fiction
The Sun and Her Flowers,Rupi Kaur,4.7,5487,9,1-1-17,Non Fiction
"The Third Wheel (Diary of a Wimpy Kid, Book 7)",Jeff Kinney,4.7,6377,7,10-10-12,Fiction
"The Throne of Fire (The Kane Chronicles, Book 2)",Rick Riordan,4.7,1463,10,9-5-2011,Fiction
The Time Traveler's Wife,Audrey Niffenegger,4.4,3759,6,8-1-09,Fiction
The Tipping Point: How Little Things Can Make a Big Difference,Malcolm Gladwell,4.4,3503,9,8-1-09,Non Fiction
The Total Money Makeover: Classic Edition: A Proven Plan for Financial Fitness,Dave Ramsey,4.7,11550,10,2-1-19,Non Fiction
The Twilight Saga Collection,Stephenie Meyer,4.7,3801,82,8-1-09,Fiction
"The Ugly Truth (Diary of a Wimpy Kid, Book 5)",Jeff Kinney,4.8,3796,12,2-10-10,Fiction
The Unofficial Harry Potter Cookbook: From Cauldron Cakes to Knickerbocker Glory--More Than 150 Magical Recipes for…,Dinah Bucholz,4.7,9030,10,2-1-19,Non Fiction
The Very Hungry Caterpillar,Eric Carle,4.9,19546,5,2-1-19,Fiction
The Whole30: The 30-Day Guide to Total Health and Food Freedom,Melissa Hartwig Urban,4.6,7508,16,1-1-17,Non Fiction
The Wonderful Things You Will Be,Emily Winfield Martin,4.9,8842,10,2-1-19,Fiction
The Wonky Donkey,Craig Smith,4.8,30183,4,2-1-19,Fiction
The Wright Brothers,David McCullough,4.7,6169,16,8-1-15,Non Fiction
"Things That Matter: Three Decades of Passions, Pastimes and Politics [Deckled Edge]",Charles Krauthammer,4.7,7034,15,7-10-13,Non Fiction
"Thinking, Fast and Slow",Daniel Kahneman,4.6,11034,19,10-10-12,Non Fiction
Thirteen Reasons Why,Jay Asher,4.5,7932,9,1-1-17,Fiction
Thomas Jefferson: The Art of Power,Jon Meacham,4.5,1904,23,10-10-12,Non Fiction
Three Cups of Tea: One Man's Mission to Promote Peace - One School at a Time,Greg Mortenson,4.3,3319,11,8-1-09,Non Fiction
Three Cups of Tea: One Man's Mission to Promote Peace - One School at a Time,Greg Mortenson,4.3,3319,11,2-10-10,Non Fiction
Thug Kitchen: The Official Cookbook: Eat Like You Give a F*ck (Thug Kitchen Cookbooks),Thug Kitchen,4.6,11128,23,1-1-17,Non Fiction
Tina Fey: Bossypants,Tina Fey,4.3,5977,12,9-5-2011,Non Fiction
To Kill a Mockingbird,Harper Lee,4.8,26234,7,2-1-19,Fiction
"Tools of Titans: The Tactics, Routines, and Habits of Billionaires, Icons, and World-Class Performers",Timothy Ferriss,4.6,4360,21,1-1-17,Non Fiction
"Towers of Midnight (Wheel of Time, Book Thirteen)",Robert Jordan,4.8,2282,21,2-10-10,Fiction
True Compass: A Memoir,Edward M. Kennedy,4.5,438,15,8-1-09,Non Fiction
"Twilight (The Twilight Saga, Book 1)",Stephenie Meyer,4.7,11676,9,8-1-09,Fiction
Ultimate Sticker Book: Frozen: More Than 60 Reusable Full-Color Stickers,DK,4.5,2586,5,6-1-14,Fiction
"Unbroken: A World War II Story of Survival, Resilience, and Redemption",Laura Hillenbrand,4.8,29673,16,6-1-14,Non Fiction
Under the Dome: A Novel,Stephen King,4.3,6740,20,8-1-09,Fiction
Unfreedom of the Press,Mark R. Levin,4.9,5956,11,2-1-19,Non Fiction
Unicorn Coloring Book: For Kids Ages 4-8 (US Edition) (Silly Bear Coloring Books),Silly Bear,4.8,6108,4,2-1-19,Non Fiction
"Uninvited: Living Loved When You Feel Less Than, Left Out, and Lonely",Lysa TerKeurst,4.7,4585,9,12-1-16,Non Fiction
Watchmen,Alan Moore,4.8,3829,42,8-1-09,Fiction
Water for Elephants: A Novel,Sara Gruen,4.5,8958,12,9-5-2011,Fiction
What Happened,Hillary Rodham Clinton,4.6,5492,18,1-1-17,Non Fiction
What If?: Serious Scientific Answers to Absurd Hypothetical Questions,Randall Munroe,4.7,9292,17,6-1-14,Non Fiction
What Pet Should I Get? (Classic Seuss),Dr. Seuss,4.7,1873,14,8-1-15,Fiction
What Should Danny Do? (The Power to Choose Series),Adir Levy,4.8,8170,13,2-1-19,Fiction
What to Expect When You're Expecting,Heidi Murkoff,4.4,3341,9,9-5-2011,Non Fiction
"Wheat Belly: Lose the Wheat, Lose the Weight, and Find Your Path Back to Health",William Davis,4.4,7497,6,10-10-12,Non Fiction
"Wheat Belly: Lose the Wheat, Lose the Weight, and Find Your Path Back to Health",William Davis,4.4,7497,6,7-10-13,Non Fiction
When Breath Becomes Air,Paul Kalanithi,4.8,13779,14,12-1-16,Non Fiction
Where the Crawdads Sing,Delia Owens,4.8,87841,15,2-1-19,Fiction
Where the Wild Things Are,Maurice Sendak,4.8,9967,13,8-1-09,Fiction
Whose Boat Is This Boat?: Comments That Don't Help in the Aftermath of a Hurricane,"The Staff of The Late Show with",4.6,6669,12,5-4-18,Non Fiction
Wild: From Lost to Found on the Pacific Crest Trail,Cheryl Strayed,4.4,17044,18,10-10-12,Non Fiction
Winter of the World: Book Two of the Century Trilogy,Ken Follett,4.5,10760,15,10-10-12,Fiction
Women Food and God: An Unexpected Path to Almost Everything,Geneen Roth,4.2,1302,11,2-10-10,Non Fiction
Wonder,R. J. Palacio,4.8,21625,9,1-1-17,Fiction
Wrecking Ball (Diary of a Wimpy Kid Book 14),Jeff Kinney,4.9,9413,8,2-1-19,Fiction