Series_Title,Released_Year,Rating,Runtime,Genre,IMDB_Rating,Gross
The Shawshank Redemption,1994,A,142 min,Drama,9.3,28341469
The Godfather,1972,A,175 min,"Crime, Drama",9.2,134966411
The Dark Knight,2008,UA,152 min,"Action, Crime, Drama",9,534858444
The Godfather: Part II,1974,A,202 min,"Crime, Drama",9,57300000
12 Angry Men,1957,U,96 min,"Crime, Drama",9,4360000
The Lord of the Rings: The Return of the King,2003,U,201 min,"Action, Adventure, Drama",8.9,377845905
Pulp Fiction,1994,A,154 min,"Crime, Drama",8.9,107928762
Schindler's List,1993,A,195 min,"Biography, Drama, History",8.9,96898818
Inception,2010,UA,148 min,"Action, Adventure, Sci-Fi",8.8,292576195
Fight Club,1999,A,139 min,Drama,8.8,37030102
The Lord of the Rings: The Fellowship of the Ring,2001,U,178 min,"Action, Adventure, Drama",8.8,315544750
Forrest Gump,1994,UA,142 min,"Drama, Romance",8.8,330252182
"Il buono, il brutto, il cattivo",1966,A,161 min,Western,8.8,6100000
The Lord of the Rings: The Two Towers,2002,UA,179 min,"Action, Adventure, Drama",8.7,342551365
The Matrix,1999,A,136 min,"Action, Sci-Fi",8.7,171479930
Goodfellas,1990,A,146 min,"Biography, Crime, Drama",8.7,46836394
Star Wars: Episode V - The Empire Strikes Back,1980,UA,124 min,"Action, Adventure, Fantasy",8.7,290475067
One Flew Over the Cuckoo's Nest,1975,A,133 min,Drama,8.7,112000000
Hamilton,2020,PG-13,160 min,"Biography, Drama, History",8.6,
Gisaengchung,2019,A,132 min,"Comedy, Drama, Thriller",8.6,53367844
Soorarai Pottru,2020,U,153 min,Drama,8.6,
Interstellar,2014,UA,169 min,"Adventure, Drama, Sci-Fi",8.6,188020017
Cidade de Deus,2002,A,130 min,"Crime, Drama",8.6,7563397
Sen to Chihiro no kamikakushi,2001,U,125 min,"Animation, Adventure, Family",8.6,10055859
Saving Private Ryan,1998,R,169 min,"Drama, War",8.6,216540909
The Green Mile,1999,A,189 min,"Crime, Drama, Fantasy",8.6,136801374
La vita è bella,1997,U,116 min,"Comedy, Drama, Romance",8.6,57598247
Se7en,1995,A,127 min,"Crime, Drama, Mystery",8.6,100125643
The Silence of the Lambs,1991,A,118 min,"Crime, Drama, Thriller",8.6,130742922
Star Wars,1977,UA,121 min,"Action, Adventure, Fantasy",8.6,322740140
Seppuku,1962,,133 min,"Action, Drama, Mystery",8.6,
Shichinin no samurai,1954,U,207 min,"Action, Adventure, Drama",8.6,269061
It's a Wonderful Life,1946,PG,130 min,"Drama, Family, Fantasy",8.6,
Joker,2019,A,122 min,"Crime, Drama, Thriller",8.5,335451311
Whiplash,2014,A,106 min,"Drama, Music",8.5,13092000
The Intouchables,2011,UA,112 min,"Biography, Comedy, Drama",8.5,13182281
The Prestige,2006,U,130 min,"Drama, Mystery, Sci-Fi",8.5,53089891
The Departed,2006,A,151 min,"Crime, Drama, Thriller",8.5,132384315
The Pianist,2002,R,150 min,"Biography, Drama, Music",8.5,32572577
Gladiator,2000,UA,155 min,"Action, Adventure, Drama",8.5,187705427
American History X,1998,R,119 min,Drama,8.5,6719864
The Usual Suspects,1995,A,106 min,"Crime, Mystery, Thriller",8.5,23341568
Léon,1994,A,110 min,"Action, Crime, Drama",8.5,19501238
The Lion King,1994,U,88 min,"Animation, Adventure, Drama",8.5,422783777
Terminator 2: Judgment Day,1991,U,137 min,"Action, Sci-Fi",8.5,204843350
Nuovo Cinema Paradiso,1988,U,155 min,"Drama, Romance",8.5,11990401
Hotaru no haka,1988,U,89 min,"Animation, Drama, War",8.5,
Back to the Future,1985,U,116 min,"Adventure, Comedy, Sci-Fi",8.5,210609762
Once Upon a Time in the West,1968,U,165 min,Western,8.5,5321508
Psycho,1960,A,109 min,"Horror, Mystery, Thriller",8.5,32000000
Casablanca,1942,U,102 min,"Drama, Romance, War",8.5,1024560
Modern Times,1936,G,87 min,"Comedy, Drama, Family",8.5,163245
City Lights,1931,G,87 min,"Comedy, Drama, Romance",8.5,19181
Capharnaüm,2018,A,126 min,Drama,8.4,1661096
Ayla: The Daughter of War,2017,,125 min,"Biography, Drama, History",8.4,
Vikram Vedha,2017,UA,147 min,"Action, Crime, Drama",8.4,
Kimi no na wa.,2016,U,106 min,"Animation, Drama, Fantasy",8.4,5017246
Dangal,2016,U,161 min,"Action, Biography, Drama",8.4,12391761
Spider-Man: Into the Spider-Verse,2018,U,117 min,"Animation, Action, Adventure",8.4,190241310
Avengers: Endgame,2019,UA,181 min,"Action, Adventure, Drama",8.4,858373000
Avengers: Infinity War,2018,UA,149 min,"Action, Adventure, Sci-Fi",8.4,678815482
Coco,2017,U,105 min,"Animation, Adventure, Family",8.4,209726015
Django Unchained,2012,A,165 min,"Drama, Western",8.4,162805434
The Dark Knight Rises,2012,UA,164 min,"Action, Adventure",8.4,448139099
3 Idiots,2009,UA,170 min,"Comedy, Drama",8.4,6532908
Taare Zameen Par,2007,U,165 min,"Drama, Family",8.4,1223869
WALL·E,2008,U,98 min,"Animation, Adventure, Family",8.4,223808164
The Lives of Others,2006,A,137 min,"Drama, Mystery, Thriller",8.4,11286112
Oldeuboi,2003,A,101 min,"Action, Drama, Mystery",8.4,707481
Memento,2000,UA,113 min,"Mystery, Thriller",8.4,25544867
Mononoke-hime,1997,U,134 min,"Animation, Action, Adventure",8.4,2375308
Once Upon a Time in America,1984,A,229 min,"Crime, Drama",8.4,5321508
Raiders of the Lost Ark,1981,A,115 min,"Action, Adventure",8.4,248159971
The Shining,1980,A,146 min,"Drama, Horror",8.4,44017374
Apocalypse Now,1979,R,147 min,"Drama, Mystery, War",8.4,83471511
Alien,1979,R,117 min,"Horror, Sci-Fi",8.4,78900000
Anand,1971,U,122 min,"Drama, Musical",8.4,
Tengoku to jigoku,1963,,143 min,"Crime, Drama, Mystery",8.4,
Dr. Strangelove or: How I Learned to Stop Worrying and Love the Bomb,1964,A,95 min,Comedy,8.4,275902
Witness for the Prosecution,1957,U,116 min,"Crime, Drama, Mystery",8.4,8175000
Paths of Glory,1957,A,88 min,"Drama, War",8.4,
Rear Window,1954,U,112 min,"Mystery, Thriller",8.4,36764313
Sunset Blvd.,1950,Passed,110 min,"Drama, Film-Noir",8.4,
The Great Dictator,1940,Passed,125 min,"Comedy, Drama, War",8.4,288475
1917,2019,R,119 min,"Drama, Thriller, War",8.3,159227644
Tumbbad,2018,A,104 min,"Drama, Fantasy, Horror",8.3,
Andhadhun,2018,UA,139 min,"Crime, Drama, Music",8.3,1373943
Drishyam,2013,U,160 min,"Crime, Drama, Thriller",8.3,
Jagten,2012,R,115 min,Drama,8.3,687185
Jodaeiye Nader az Simin,2011,PG-13,123 min,Drama,8.3,7098492
Incendies,2010,R,131 min,"Drama, Mystery, War",8.3,6857096
Miracle in cell NO.7,2019,TV-14,132 min,Drama,8.3,
Babam ve Oglum,2005,,112 min,"Drama, Family",8.3,
Inglourious Basterds,2009,A,153 min,"Adventure, Drama, War",8.3,120540719
Eternal Sunshine of the Spotless Mind,2004,UA,108 min,"Drama, Romance, Sci-Fi",8.3,34400301
Amélie,2001,U,122 min,"Comedy, Romance",8.3,33225499
Snatch,2000,UA,104 min,"Comedy, Crime",8.3,30328156
Requiem for a Dream,2000,A,102 min,Drama,8.3,3635482
American Beauty,1999,UA,122 min,Drama,8.3,130096601
Good Will Hunting,1997,U,126 min,"Drama, Romance",8.3,138433435
Bacheha-Ye aseman,1997,PG,89 min,"Drama, Family, Sport",8.3,933933
Toy Story,1995,U,81 min,"Animation, Adventure, Comedy",8.3,191796233
Braveheart,1995,A,178 min,"Biography, Drama, History",8.3,75600000
Reservoir Dogs,1992,R,99 min,"Crime, Drama, Thriller",8.3,2832029
Full Metal Jacket,1987,UA,116 min,"Drama, War",8.3,46357676
Idi i smotri,1985,A,142 min,"Drama, Thriller, War",8.3,
Aliens,1986,U,137 min,"Action, Adventure, Sci-Fi",8.3,85160248
Amadeus,1984,R,160 min,"Biography, Drama, History",8.3,51973029
Scarface,1983,A,170 min,"Crime, Drama",8.3,45598982
Star Wars: Episode VI - Return of the Jedi,1983,U,131 min,"Action, Adventure, Fantasy",8.3,309125409
Das Boot,1981,R,149 min,"Adventure, Drama, Thriller",8.3,11487676
Taxi Driver,1976,A,114 min,"Crime, Drama",8.3,28262574
The Sting,1973,U,129 min,"Comedy, Crime, Drama",8.3,159600000
A Clockwork Orange,1971,A,136 min,"Crime, Drama, Sci-Fi",8.3,6207725
2001: A Space Odyssey,1968,U,149 min,"Adventure, Sci-Fi",8.3,56954992
Per qualche dollaro in più,1965,U,132 min,Western,8.3,15000000
Lawrence of Arabia,1962,U,228 min,"Adventure, Biography, Drama",8.3,44824144
The Apartment,1960,U,125 min,"Comedy, Drama, Romance",8.3,18600000
North by Northwest,1959,U,136 min,"Adventure, Mystery, Thriller",8.3,13275000
Vertigo,1958,A,128 min,"Mystery, Romance, Thriller",8.3,3200000
Singin' in the Rain,1952,G,103 min,"Comedy, Musical, Romance",8.3,8819028
Ikiru,1952,,143 min,Drama,8.3,55240
Ladri di biciclette,1948,,89 min,Drama,8.3,332930
Double Indemnity,1944,Passed,107 min,"Crime, Drama, Film-Noir",8.3,5720000
Citizen Kane,1941,UA,119 min,"Drama, Mystery",8.3,1585634
M - Eine Stadt sucht einen Mörder,1931,Passed,117 min,"Crime, Mystery, Thriller",8.3,28877
Metropolis,1927,,153 min,"Drama, Sci-Fi",8.3,1236166
The Kid,1921,Passed,68 min,"Comedy, Drama, Family",8.3,5450000
Chhichhore,2019,UA,143 min,"Comedy, Drama",8.2,898575
Uri: The Surgical Strike,2018,UA,138 min,"Action, Drama, War",8.2,4186168
K.G.F: Chapter 1,2018,UA,156 min,"Action, Drama",8.2,
Green Book,2018,UA,130 min,"Biography, Comedy, Drama",8.2,85080171
"Three Billboards Outside Ebbing, Missouri",2017,A,115 min,"Comedy, Crime, Drama",8.2,54513740
Talvar,2015,UA,132 min,"Crime, Drama, Mystery",8.2,342370
Baahubali 2: The Conclusion,2017,UA,167 min,"Action, Drama",8.2,20186659
Klaus,2019,PG,96 min,"Animation, Adventure, Comedy",8.2,
Drishyam,2015,UA,163 min,"Crime, Drama, Mystery",8.2,739478
Queen,2013,UA,146 min,"Adventure, Comedy, Drama",8.2,1429534
Mandariinid,2013,,87 min,"Drama, War",8.2,144501
Bhaag Milkha Bhaag,2013,U,186 min,"Biography, Drama, Sport",8.2,1626289
Gangs of Wasseypur,2012,A,321 min,"Action, Comedy, Crime",8.2,
Udaan,2010,UA,134 min,Drama,8.2,7461
Paan Singh Tomar,2012,UA,135 min,"Action, Biography, Crime",8.2,39567
El secreto de sus ojos,2009,R,129 min,"Drama, Mystery, Romance",8.2,6391436
Warrior,2011,UA,140 min,"Action, Drama, Sport",8.2,13657115
Shutter Island,2010,A,138 min,"Mystery, Thriller",8.2,128012934
Up,2009,U,96 min,"Animation, Adventure, Comedy",8.2,293004164
The Wolf of Wall Street,2013,A,180 min,"Biography, Crime, Drama",8.2,116900694
Chak De! India,2007,U,153 min,"Drama, Family, Sport",8.2,1113541
There Will Be Blood,2007,A,158 min,Drama,8.2,40222514
Pan's Labyrinth,2006,UA,118 min,"Drama, Fantasy, War",8.2,37634615
Toy Story 3,2010,U,103 min,"Animation, Adventure, Comedy",8.2,415004880
V for Vendetta,2005,A,132 min,"Action, Drama, Sci-Fi",8.2,70511035
Rang De Basanti,2006,UA,167 min,"Comedy, Crime, Drama",8.2,2197331
Black,2005,U,122 min,Drama,8.2,733094
Batman Begins,2005,UA,140 min,"Action, Adventure",8.2,206852432
"Swades: We, the People",2004,U,210 min,Drama,8.2,1223240
Der Untergang,2004,R,156 min,"Biography, Drama, History",8.2,5509040
Hauru no ugoku shiro,2004,U,119 min,"Animation, Adventure, Family",8.2,4711096
A Beautiful Mind,2001,UA,135 min,"Biography, Drama",8.2,170742341
Hera Pheri,2000,U,156 min,"Action, Comedy, Crime",8.2,
"Lock, Stock and Two Smoking Barrels",1998,A,107 min,"Action, Comedy, Crime",8.2,3897569
L.A. Confidential,1997,A,138 min,"Crime, Drama, Mystery",8.2,64616940
Eskiya,1996,,128 min,"Crime, Drama, Thriller",8.2,
Heat,1995,A,170 min,"Crime, Drama, Thriller",8.2,67436818
Casino,1995,A,178 min,"Crime, Drama",8.2,42438300
Andaz Apna Apna,1994,U,160 min,"Action, Comedy, Romance",8.2,
Unforgiven,1992,A,130 min,"Drama, Western",8.2,101157447
Indiana Jones and the Last Crusade,1989,U,127 min,"Action, Adventure",8.2,197171806
Dom za vesanje,1988,R,142 min,"Comedy, Crime, Drama",8.2,280015
Tonari no Totoro,1988,U,86 min,"Animation, Family, Fantasy",8.2,1105564
Die Hard,1988,A,132 min,"Action, Thriller",8.2,83008852
Ran,1985,U,162 min,"Action, Drama, War",8.2,4135750
Raging Bull,1980,A,129 min,"Biography, Drama, Sport",8.2,23383987
Stalker,1979,U,162 min,"Drama, Sci-Fi",8.2,234723
Höstsonaten,1978,U,99 min,"Drama, Music",8.2,
The Message,1976,PG,177 min,"Biography, Drama, History",8.2,
Sholay,1975,U,204 min,"Action, Adventure, Comedy",8.2,
Monty Python and the Holy Grail,1975,PG,91 min,"Adventure, Comedy, Fantasy",8.2,1229197
The Great Escape,1963,U,172 min,"Adventure, Drama, History",8.2,12100000
To Kill a Mockingbird,1962,U,129 min,"Crime, Drama",8.2,
Yôjinbô,1961,,110 min,"Action, Drama, Thriller",8.2,
Judgment at Nuremberg,1961,A,179 min,"Drama, War",8.2,
Some Like It Hot,1959,U,121 min,"Comedy, Music, Romance",8.2,25000000
Smultronstället,1957,U,91 min,"Drama, Romance",8.2,
Det sjunde inseglet,1957,A,96 min,"Drama, Fantasy, History",8.2,
Du rififi chez les hommes,1955,,118 min,"Crime, Drama, Thriller",8.2,57226
Dial M for Murder,1954,A,105 min,"Crime, Thriller",8.2,12562
Tôkyô monogatari,1953,U,136 min,Drama,8.2,
Rashômon,1950,,88 min,"Crime, Drama, Mystery",8.2,96568
All About Eve,1950,Passed,138 min,Drama,8.2,10177
The Treasure of the Sierra Madre,1948,Passed,126 min,"Adventure, Drama, Western",8.2,5014000
To Be or Not to Be,1942,Passed,99 min,"Comedy, War",8.2,
The Gold Rush,1925,Passed,95 min,"Adventure, Comedy, Drama",8.2,5450000
Sherlock Jr.,1924,Passed,45 min,"Action, Comedy, Romance",8.2,977375
Portrait de la jeune fille en feu,2019,R,122 min,"Drama, Romance",8.1,3759854
Pink,2016,UA,136 min,"Drama, Thriller",8.1,1241223
Koe no katachi,2016,16,130 min,"Animation, Drama, Family",8.1,
Contratiempo,2016,TV-MA,106 min,"Crime, Drama, Mystery",8.1,
Ah-ga-ssi,2016,A,145 min,"Drama, Romance, Thriller",8.1,2006788
Mommy,2014,R,139 min,Drama,8.1,3492754
Haider,2014,UA,160 min,"Action, Crime, Drama",8.1,901610
Logan,2017,A,137 min,"Action, Drama, Sci-Fi",8.1,226277068
Room,2015,R,118 min,"Drama, Thriller",8.1,14677674
Relatos salvajes,2014,R,122 min,"Comedy, Drama, Thriller",8.1,3107072
Soul,2020,U,100 min,"Animation, Adventure, Comedy",8.1,
Kis Uykusu,2014,,196 min,Drama,8.1,165520
PK,2014,UA,153 min,"Comedy, Drama, Musical",8.1,10616104
OMG: Oh My God!,2012,U,125 min,"Comedy, Drama, Fantasy",8.1,923221
The Grand Budapest Hotel,2014,UA,99 min,"Adventure, Comedy, Crime",8.1,59100318
Gone Girl,2014,A,149 min,"Drama, Mystery, Thriller",8.1,167767189
Ôkami kodomo no Ame to Yuki,2012,U,117 min,"Animation, Drama, Fantasy",8.1,
Hacksaw Ridge,2016,A,139 min,"Biography, Drama, History",8.1,67209615
Inside Out,2015,U,95 min,"Animation, Adventure, Comedy",8.1,356461711
Barfi!,2012,U,151 min,"Comedy, Drama, Romance",8.1,2804874
12 Years a Slave,2013,A,134 min,"Biography, Drama, History",8.1,56671993
Rush,2013,UA,123 min,"Action, Biography, Drama",8.1,26947624
Ford v Ferrari,2019,UA,152 min,"Action, Biography, Drama",8.1,117624028
Spotlight,2015,A,129 min,"Biography, Crime, Drama",8.1,45055776
Song of the Sea,2014,PG,93 min,"Animation, Adventure, Drama",8.1,857524
Kahaani,2012,UA,122 min,"Mystery, Thriller",8.1,1035953
Zindagi Na Milegi Dobara,2011,U,155 min,"Comedy, Drama",8.1,3108485
Prisoners,2013,A,153 min,"Crime, Drama, Mystery",8.1,61002302
Mad Max: Fury Road,2015,UA,120 min,"Action, Adventure, Sci-Fi",8.1,154058340
A Wednesday,2008,UA,104 min,"Action, Crime, Drama",8.1,
Gran Torino,2008,R,116 min,Drama,8.1,148095302
Harry Potter and the Deathly Hallows: Part 2,2011,UA,130 min,"Adventure, Drama, Fantasy",8.1,381011219
Okuribito,2008,PG-13,130 min,"Drama, Music",8.1,1498210
Hachi: A Dog's Tale,2009,G,93 min,"Biography, Drama, Family",8.1,
Mary and Max,2009,,92 min,"Animation, Comedy, Drama",8.1,
How to Train Your Dragon,2010,U,98 min,"Animation, Action, Adventure",8.1,217581231
Into the Wild,2007,R,148 min,"Adventure, Biography, Drama",8.1,18354356
No Country for Old Men,2007,R,122 min,"Crime, Drama, Thriller",8.1,74283625
Lage Raho Munna Bhai,2006,U,144 min,"Comedy, Drama, Romance",8.1,2217561
Million Dollar Baby,2004,UA,132 min,"Drama, Sport",8.1,100492203
Hotel Rwanda,2004,PG-13,121 min,"Biography, Drama, History",8.1,23530892
Taegukgi hwinalrimyeo,2004,R,140 min,"Action, Drama, War",8.1,1111061
Before Sunset,2004,R,80 min,"Drama, Romance",8.1,5820649
Munna Bhai M.B.B.S.,2003,U,156 min,"Comedy, Drama, Musical",8.1,
Salinui chueok,2003,UA,131 min,"Crime, Drama, Mystery",8.1,14131
Dil Chahta Hai,2001,Unrated,183 min,"Comedy, Drama, Romance",8.1,300000
Kill Bill: Vol. 1,2003,R,111 min,"Action, Crime, Drama",8.1,70099045
Finding Nemo,2003,U,100 min,"Animation, Adventure, Comedy",8.1,380843261
Catch Me If You Can,2002,A,141 min,"Biography, Crime, Drama",8.1,164615351
Amores perros,2000,A,154 min,"Drama, Thriller",8.1,5383834
"Monsters, Inc.",2001,U,92 min,"Animation, Adventure, Comedy",8.1,289916256
"Shin seiki Evangelion Gekijô-ban: Air/Magokoro wo, kimi ni",1997,UA,87 min,"Animation, Action, Drama",8.1,
Lagaan: Once Upon a Time in India,2001,U,224 min,"Adventure, Drama, Musical",8.1,70147
The Sixth Sense,1999,A,107 min,"Drama, Mystery, Thriller",8.1,293506292
La leggenda del pianista sull'oceano,1998,U,169 min,"Drama, Music, Romance",8.1,259127
The Truman Show,1998,U,103 min,"Comedy, Drama",8.1,125618201
"Crna macka, beli macor",1998,R,127 min,"Comedy, Crime, Romance",8.1,348660
The Big Lebowski,1998,R,117 min,"Comedy, Crime, Sport",8.1,17498804
Fa yeung nin wah,2000,U,98 min,"Drama, Romance",8.1,2734044
Trainspotting,1996,A,93 min,Drama,8.1,16501785
Fargo,1996,A,98 min,"Crime, Drama, Thriller",8.1,24611975
Underground,1995,,170 min,"Comedy, Drama, War",8.1,171082
La haine,1995,UA,98 min,"Crime, Drama",8.1,309811
Dilwale Dulhania Le Jayenge,1995,U,189 min,"Drama, Romance",8.1,
Before Sunrise,1995,R,101 min,"Drama, Romance",8.1,5535405
Trois couleurs: Rouge,1994,U,99 min,"Drama, Mystery, Romance",8.1,4043686
Chung Hing sam lam,1994,U,102 min,"Comedy, Crime, Drama",8.1,600200
Jurassic Park,1993,UA,127 min,"Action, Adventure, Sci-Fi",8.1,402453882
In the Name of the Father,1993,UA,133 min,"Biography, Crime, Drama",8.1,25010410
Ba wang bie ji,1993,R,171 min,"Drama, Music, Romance",8.1,5216888
Dà hóng denglong gaogao guà,1991,PG,125 min,"Drama, History, Romance",8.1,2603061
Dead Poets Society,1989,U,128 min,"Comedy, Drama",8.1,95860116
Stand by Me,1986,U,89 min,"Adventure, Drama",8.1,52287414
Platoon,1986,A,120 min,"Drama, War",8.1,138530565
"Paris, Texas",1984,U,145 min,Drama,8.1,2181987
Kaze no tani no Naushika,1984,U,117 min,"Animation, Adventure, Fantasy",8.1,495770
The Thing,1982,A,109 min,"Horror, Mystery, Sci-Fi",8.1,13782838
Pink Floyd: The Wall,1982,UA,95 min,"Drama, Fantasy, Music",8.1,22244207
Fitzcarraldo,1982,R,158 min,"Adventure, Drama",8.1,
Fanny och Alexander,1982,A,188 min,Drama,8.1,4971340
Blade Runner,1982,UA,117 min,"Action, Sci-Fi, Thriller",8.1,32868943
The Elephant Man,1980,UA,124 min,"Biography, Drama",8.1,
Life of Brian,1979,R,94 min,Comedy,8.1,20045115
The Deer Hunter,1978,A,183 min,"Drama, War",8.1,48979328
Rocky,1976,U,120 min,"Drama, Sport",8.1,117235247
Network,1976,UA,121 min,Drama,8.1,
Barry Lyndon,1975,PG,185 min,"Adventure, Drama, History",8.1,
Zerkalo,1975,G,107 min,"Biography, Drama",8.1,177345
Chinatown,1974,UA,130 min,"Drama, Mystery, Thriller",8.1,29000000
Paper Moon,1973,U,102 min,"Comedy, Crime, Drama",8.1,30933743
Viskningar och rop,1972,A,91 min,Drama,8.1,1742348
Solaris,1972,PG,167 min,"Drama, Mystery, Sci-Fi",8.1,
Le samouraï,1967,GP,105 min,"Crime, Drama, Mystery",8.1,39481
Cool Hand Luke,1967,A,127 min,"Crime, Drama",8.1,16217773
Persona,1966,,85 min,"Drama, Thriller",8.1,
Andrei Rublev,1966,R,205 min,"Biography, Drama, History",8.1,102021
La battaglia di Algeri,1966,,121 min,"Drama, War",8.1,55908
El ángel exterminador,1962,,95 min,"Drama, Fantasy",8.1,
What Ever Happened to Baby Jane?,1962,Passed,134 min,"Drama, Horror, Thriller",8.1,4050000
Sanjuro,1962,U,96 min,"Action, Comedy, Crime",8.1,
The Man Who Shot Liberty Valance,1962,,123 min,"Drama, Western",8.1,
Ivanovo detstvo,1962,,95 min,"Drama, War",8.1,
Jungfrukällan,1960,A,89 min,Drama,8.1,1526000
Inherit the Wind,1960,Passed,128 min,"Biography, Drama, History",8.1,
Les quatre cents coups,1959,,99 min,"Crime, Drama",8.1,
Ben-Hur,1959,U,212 min,"Adventure, Drama, History",8.1,74700000
Kakushi-toride no san-akunin,1958,,139 min,"Adventure, Drama",8.1,
Le notti di Cabiria,1957,,110 min,Drama,8.1,752045
Kumonosu-jô,1957,,110 min,"Drama, History",8.1,
The Bridge on the River Kwai,1957,PG,161 min,"Adventure, Drama, War",8.1,44908000
On the Waterfront,1954,A,108 min,"Crime, Drama, Thriller",8.1,9600000
Le salaire de la peur,1953,U,131 min,"Adventure, Drama, Thriller",8.1,
Ace in the Hole,1951,Approved,111 min,"Drama, Film-Noir",8.1,3969893
White Heat,1949,,114 min,"Action, Crime, Drama",8.1,
The Third Man,1949,Approved,104 min,"Film-Noir, Mystery, Thriller",8.1,449191
The Red Shoes,1948,,135 min,"Drama, Music, Romance",8.1,10900000
The Shop Around the Corner,1940,,99 min,"Comedy, Drama, Romance",8.1,203300
Rebecca,1940,Approved,130 min,"Drama, Mystery, Romance",8.1,4360000
Mr. Smith Goes to Washington,1939,Passed,129 min,"Comedy, Drama",8.1,9600000
Gone with the Wind,1939,U,238 min,"Drama, History, Romance",8.1,198676459
La Grande Illusion,1937,,113 min,"Drama, War",8.1,172885
It Happened One Night,1934,Approved,105 min,"Comedy, Romance",8.1,4360000
La passion de Jeanne d'Arc,1928,Passed,110 min,"Biography, Drama, History",8.1,21877
The Circus,1928,Passed,72 min,"Comedy, Romance",8.1,
Sunrise: A Song of Two Humans,1927,Passed,94 min,"Drama, Romance",8.1,539540
The General,1926,Passed,67 min,"Action, Adventure, Comedy",8.1,1033895
Das Cabinet des Dr. Caligari,1920,,76 min,"Fantasy, Horror, Mystery",8.1,
Badhaai ho,2018,UA,124 min,"Comedy, Drama",8,
Togo,2019,U,113 min,"Adventure, Biography, Drama",8,
Airlift,2016,UA,130 min,"Drama, History",8,
Bajrangi Bhaijaan,2015,UA,163 min,"Action, Adventure, Comedy",8,8178001
Baby,2015,UA,159 min,"Action, Crime, Thriller",8,
La La Land,2016,A,128 min,"Comedy, Drama, Music",8,151101803
Lion,2016,U,118 min,"Biography, Drama",8,51739495
The Martian,2015,UA,144 min,"Adventure, Drama, Sci-Fi",8,228433663
Zootopia,2016,U,108 min,"Animation, Adventure, Comedy",8,341268248
Bãhubali: The Beginning,2015,UA,159 min,"Action, Drama",8,6738000
Kaguyahime no monogatari,2013,U,137 min,"Animation, Adventure, Drama",8,1506975
Wonder,2017,U,113 min,"Drama, Family",8,132422809
Gully Boy,2019,UA,154 min,"Drama, Music, Romance",8,5566534
Special Chabbis,2013,UA,144 min,"Crime, Drama, Thriller",8,1079369
Short Term 12,2013,R,96 min,Drama,8,1010414
Serbuan maut 2: Berandal,2014,A,150 min,"Action, Crime, Thriller",8,2625803
The Imitation Game,2014,UA,114 min,"Biography, Drama, Thriller",8,91125683
Guardians of the Galaxy,2014,UA,121 min,"Action, Adventure, Comedy",8,333176600
Blade Runner 2049,2017,UA,164 min,"Action, Drama, Mystery",8,92054159
Her,2013,A,126 min,"Drama, Romance, Sci-Fi",8,25568251
Bohemian Rhapsody,2018,UA,134 min,"Biography, Drama, Music",8,216428042
The Revenant,2015,A,156 min,"Action, Adventure, Drama",8,183637894
The Perks of Being a Wallflower,2012,UA,103 min,"Drama, Romance",8,17738570
Tropa de Elite 2: O Inimigo Agora é Outro,2010,,115 min,"Action, Crime, Drama",8,100119
The King's Speech,2010,U,118 min,"Biography, Drama, History",8,138797449
The Help,2011,UA,146 min,Drama,8,169708112
Deadpool,2016,R,108 min,"Action, Adventure, Comedy",8,363070709
Darbareye Elly,2009,TV-PG,119 min,"Drama, Mystery",8,106662
Dev.D,2009,A,144 min,"Drama, Romance",8,10950
Yip Man,2008,R,106 min,"Action, Biography, Drama",8,
My Name Is Khan,2010,UA,165 min,Drama,8,4018695
Nefes: Vatan Sagolsun,2009,,128 min,"Action, Drama, Thriller",8,
Slumdog Millionaire,2008,UA,120 min,"Drama, Romance",8,141319928
Black Swan,2010,A,108 min,"Drama, Thriller",8,106954678
Tropa de Elite,2007,R,115 min,"Action, Crime, Drama",8,8060
The Avengers,2012,UA,143 min,"Action, Adventure, Sci-Fi",8,623279547
Persepolis,2007,PG-13,96 min,"Animation, Biography, Drama",8,4445756
Dallas Buyers Club,2013,R,117 min,"Biography, Drama",8,27298285
The Pursuit of Happyness,2006,U,117 min,"Biography, Drama",8,163566459
Blood Diamond,2006,A,143 min,"Adventure, Drama, Thriller",8,57366262
The Bourne Ultimatum,2007,UA,115 min,"Action, Mystery, Thriller",8,227471070
Bin-jip,2004,U,88 min,"Crime, Drama, Romance",8,238507
Sin City,2005,A,124 min,"Crime, Thriller",8,74103820
Le scaphandre et le papillon,2007,PG-13,112 min,"Biography, Drama",8,5990075
G.O.R.A.,2004,,127 min,"Adventure, Comedy, Sci-Fi",8,
Ratatouille,2007,U,111 min,"Animation, Adventure, Comedy",8,206445654
Casino Royale,2006,PG-13,144 min,"Action, Adventure, Thriller",8,167445960
Kill Bill: Vol. 2,2004,A,137 min,"Action, Crime, Thriller",8,66208183
Vozvrashchenie,2003,,110 min,Drama,8,502028
Bom Yeoareum Gaeul Gyeoul Geurigo Bom,2003,R,103 min,"Drama, Romance",8,2380788
Mar adentro,2014,U,126 min,"Biography, Drama",8,2086345
Cinderella Man,2005,UA,144 min,"Biography, Drama, History",8,61649911
Kal Ho Naa Ho,2003,U,186 min,"Comedy, Drama, Musical",8,1787378
Mou gaan dou,2002,UA,101 min,"Action, Crime, Drama",8,169659
Pirates of the Caribbean: The Curse of the Black Pearl,2003,UA,143 min,"Action, Adventure, Fantasy",8,305413918
Big Fish,2003,U,125 min,"Adventure, Drama, Fantasy",8,66257002
The Incredibles,2004,U,115 min,"Animation, Action, Adventure",8,261441092
Yeopgijeogin geunyeo,2001,,137 min,"Comedy, Drama, Romance",8,
Dogville,2003,R,178 min,"Crime, Drama",8,1530386
Vizontele,2001,,110 min,"Comedy, Drama",8,
Donnie Darko,2001,R,113 min,"Drama, Mystery, Sci-Fi",8,1480006
Magnolia,1999,R,188 min,Drama,8,22455976
Dancer in the Dark,2000,U,140 min,"Crime, Drama, Musical",8,4184036
The Straight Story,1999,U,112 min,"Biography, Drama",8,6203044
Pâfekuto burû,1997,A,81 min,"Animation, Crime, Mystery",8,776665
Festen,1998,R,105 min,Drama,8,1647780
Central do Brasil,1998,R,110 min,Drama,8,5595428
The Iron Giant,1999,PG,86 min,"Animation, Action, Adventure",8,23159305
Knockin' on Heaven's Door,1997,,87 min,"Action, Crime, Comedy",8,3296
Sling Blade,1996,R,135 min,Drama,8,24475416
Secrets & Lies,1996,U,136 min,"Comedy, Drama",8,13417292
Twelve Monkeys,1995,A,129 min,"Mystery, Sci-Fi, Thriller",8,57141459
Kôkaku Kidôtai,1995,UA,83 min,"Animation, Action, Crime",8,515905
The Nightmare Before Christmas,1993,U,76 min,"Animation, Family, Fantasy",8,75082668
Groundhog Day,1993,U,101 min,"Comedy, Fantasy, Romance",8,70906973
Bound by Honor,1993,R,180 min,"Crime, Drama",8,4496583
Scent of a Woman,1992,UA,156 min,Drama,8,63895607
Aladdin,1992,U,90 min,"Animation, Adventure, Comedy",8,217350219
JFK,1991,UA,189 min,"Drama, History, Thriller",8,70405498
Beauty and the Beast,1991,G,84 min,"Animation, Family, Fantasy",8,218967620
Dances with Wolves,1990,U,181 min,"Adventure, Drama, Western",8,184208848
Do the Right Thing,1989,R,120 min,"Comedy, Drama",8,27545445
Rain Man,1988,U,133 min,Drama,8,178800000
Akira,1988,UA,124 min,"Animation, Action, Sci-Fi",8,553171
The Princess Bride,1987,U,98 min,"Adventure, Family, Fantasy",8,30857814
Der Himmel über Berlin,1987,U,128 min,"Drama, Fantasy, Romance",8,3333969
Au revoir les enfants,1987,U,104 min,"Drama, War",8,4542825
Tenkû no shiro Rapyuta,1986,U,125 min,"Animation, Adventure, Drama",8,
The Terminator,1984,UA,107 min,"Action, Sci-Fi",8,38400000
Gandhi,1982,U,191 min,"Biography, Drama, History",8,52767889
Kagemusha,1980,U,180 min,"Drama, History, War",8,
Being There,1979,PG,130 min,"Comedy, Drama",8,30177511
Annie Hall,1977,A,93 min,"Comedy, Romance",8,39200000
Jaws,1975,A,124 min,"Adventure, Thriller",8,260000000
Dog Day Afternoon,1975,U,125 min,"Biography, Crime, Drama",8,50000000
Young Frankenstein,1974,A,106 min,Comedy,8,86300000
Papillon,1973,R,151 min,"Biography, Crime, Drama",8,53267000
The Exorcist,1973,A,122 min,Horror,8,232906145
Sleuth,1972,PG,138 min,"Mystery, Thriller",8,4081254
The Last Picture Show,1971,R,118 min,"Drama, Romance",8,29133000
Fiddler on the Roof,1971,G,181 min,"Drama, Family, Musical",8,80500000
Il conformista,1970,UA,113 min,Drama,8,541940
Butch Cassidy and the Sundance Kid,1969,PG,110 min,"Biography, Crime, Drama",8,102308889
Rosemary's Baby,1968,A,137 min,"Drama, Horror",8,
Planet of the Apes,1968,U,112 min,"Adventure, Sci-Fi",8,33395426
The Graduate,1967,A,106 min,"Comedy, Drama, Romance",8,104945305
Who's Afraid of Virginia Woolf?,1966,A,131 min,Drama,8,
The Sound of Music,1965,U,172 min,"Biography, Drama, Family",8,163214286
Doctor Zhivago,1965,A,197 min,"Drama, Romance, War",8,111722000
Per un pugno di dollari,1964,A,99 min,"Action, Drama, Western",8,14500000
8½,1963,,138 min,Drama,8,50690
Vivre sa vie: Film en douze tableaux,1962,,80 min,Drama,8,
The Hustler,1961,A,134 min,"Drama, Sport",8,8284000
La dolce vita,1960,A,174 min,"Comedy, Drama",8,19516000
Rio Bravo,1959,Passed,141 min,"Action, Drama, Western",8,12535000
Anatomy of a Murder,1959,,161 min,"Crime, Drama, Mystery",8,11900000
Touch of Evil,1958,PG-13,95 min,"Crime, Drama, Film-Noir",8,2237659
Cat on a Hot Tin Roof,1958,A,108 min,Drama,8,17570324
Sweet Smell of Success,1957,Approved,96 min,"Drama, Film-Noir",8,
The Killing,1956,Approved,84 min,"Crime, Drama, Film-Noir",8,
The Night of the Hunter,1955,,92 min,"Crime, Drama, Film-Noir",8,654000
La Strada,1954,,108 min,Drama,8,
Les diaboliques,1955,,117 min,"Crime, Drama, Horror",8,
Stalag 17,1953,,120 min,"Comedy, Drama, War",8,
Roman Holiday,1953,,118 min,"Comedy, Romance",8,
A Streetcar Named Desire,1951,A,122 min,Drama,8,8000000
In a Lonely Place,1950,,94 min,"Drama, Film-Noir, Mystery",8,
Kind Hearts and Coronets,1949,U,106 min,"Comedy, Crime",8,
Rope,1948,A,80 min,"Crime, Drama, Mystery",8,
Out of the Past,1947,,97 min,"Crime, Drama, Film-Noir",8,
Brief Encounter,1945,U,86 min,"Drama, Romance",8,
Laura,1944,Passed,88 min,"Drama, Film-Noir, Mystery",8,4360000
The Best Years of Our Lives,1946,Approved,170 min,"Drama, Romance, War",8,23650000
Arsenic and Old Lace,1942,,118 min,"Comedy, Crime, Thriller",8,
The Maltese Falcon,1941,,100 min,"Film-Noir, Mystery",8,2108060
The Grapes of Wrath,1940,Passed,129 min,"Drama, History",8,55000
The Wizard of Oz,1939,U,102 min,"Adventure, Family, Fantasy",8,2076020
La règle du jeu,1939,,110 min,"Comedy, Drama",8,
The Thin Man,1934,TV-PG,91 min,"Comedy, Crime, Mystery",8,
All Quiet on the Western Front,1930,U,152 min,"Drama, War",8,3270000
Bronenosets Potemkin,1925,,75 min,"Drama, History, Thriller",8,50970
Knives Out,2019,UA,130 min,"Comedy, Crime, Drama",7.9,165359751
Dil Bechara,2020,UA,101 min,"Comedy, Drama, Romance",7.9,
Manbiki kazoku,2018,A,121 min,"Crime, Drama",7.9,3313513
Marriage Story,2019,U,137 min,"Comedy, Drama, Romance",7.9,2000000
Call Me by Your Name,2017,UA,132 min,"Drama, Romance",7.9,18095701
"I, Daniel Blake",2016,UA,100 min,Drama,7.9,258168
Isle of Dogs,2018,U,101 min,"Animation, Adventure, Comedy",7.9,32015231
Hunt for the Wilderpeople,2016,UA,101 min,"Adventure, Comedy, Drama",7.9,5202582
Captain Fantastic,2016,R,118 min,"Comedy, Drama",7.9,5875006
Sing Street,2016,PG-13,106 min,"Comedy, Drama, Music",7.9,3237118
Thor: Ragnarok,2017,UA,130 min,"Action, Adventure, Comedy",7.9,315058289
Nightcrawler,2014,A,117 min,"Crime, Drama, Thriller",7.9,32381218
Jojo Rabbit,2019,UA,108 min,"Comedy, Drama, War",7.9,349555
Arrival,2016,UA,116 min,"Drama, Sci-Fi",7.9,100546139
Star Wars: Episode VII - The Force Awakens,2015,U,138 min,"Action, Adventure, Sci-Fi",7.9,936662225
Before Midnight,2013,R,109 min,"Drama, Romance",7.9,8114627
X-Men: Days of Future Past,2014,UA,132 min,"Action, Adventure, Sci-Fi",7.9,233921534
Bir Zamanlar Anadolu'da,2011,,157 min,"Crime, Drama",7.9,138730
The Artist,2011,U,100 min,"Comedy, Drama, Romance",7.9,44671682
Edge of Tomorrow,2014,UA,113 min,"Action, Adventure, Sci-Fi",7.9,100206256
Amour,2012,UA,127 min,"Drama, Romance",7.9,6739492
The Irishman,2019,R,209 min,"Biography, Crime, Drama",7.9,7000000
Un prophète,2009,A,155 min,"Crime, Drama",7.9,2084637
Moon,2009,R,97 min,"Drama, Mystery, Sci-Fi",7.9,5009677
Låt den rätte komma in,2008,R,114 min,"Crime, Drama, Fantasy",7.9,2122065
District 9,2009,A,112 min,"Action, Sci-Fi, Thriller",7.9,115646235
The Wrestler,2008,UA,109 min,"Drama, Sport",7.9,26236603
Jab We Met,2007,U,138 min,"Comedy, Drama, Romance",7.9,410800
Boyhood,2014,A,165 min,Drama,7.9,25379975
"4 luni, 3 saptamâni si 2 zile",2007,,113 min,Drama,7.9,1185783
Star Trek,2009,UA,127 min,"Action, Adventure, Sci-Fi",7.9,257730019
In Bruges,2008,R,107 min,"Comedy, Crime, Drama",7.9,7757130
The Man from Earth,2007,,87 min,"Drama, Fantasy, Mystery",7.9,
Letters from Iwo Jima,2006,UA,141 min,"Action, Adventure, Drama",7.9,13756082
The Fall,2006,R,117 min,"Adventure, Drama, Fantasy",7.9,2280348
Life of Pi,2012,U,127 min,"Adventure, Drama, Fantasy",7.9,124987023
Fantastic Mr. Fox,2009,PG,87 min,"Animation, Adventure, Comedy",7.9,21002919
C.R.A.Z.Y.,2005,,129 min,"Comedy, Drama",7.9,
Les choristes,2004,PG-13,97 min,"Drama, Music",7.9,3635164
Iron Man,2008,UA,126 min,"Action, Adventure, Sci-Fi",7.9,318412101
Shaun of the Dead,2004,UA,99 min,"Comedy, Horror",7.9,13542874
Gegen die Wand,2004,R,121 min,"Drama, Romance",7.9,
Mystic River,2003,A,138 min,"Crime, Drama, Mystery",7.9,90135191
Harry Potter and the Prisoner of Azkaban,2004,U,142 min,"Adventure, Family, Fantasy",7.9,249358727
Ying xiong,2002,PG-13,120 min,"Action, Adventure, History",7.9,53710019
Hable con ella,2002,R,112 min,"Drama, Mystery, Romance",7.9,9284265
No Man's Land,2001,R,98 min,"Comedy, Drama, War",7.9,1059830
Cowboy Bebop: Tengoku no tobira,2001,U,115 min,"Animation, Action, Crime",7.9,1000045
The Bourne Identity,2002,UA,119 min,"Action, Mystery, Thriller",7.9,121661683
Nueve reinas,2000,R,114 min,"Crime, Drama, Thriller",7.9,1221261
Children of Men,2006,A,109 min,"Adventure, Drama, Sci-Fi",7.9,35552383
Almost Famous,2000,A,122 min,"Adventure, Comedy, Drama",7.9,32534850
Mulholland Dr.,2001,R,147 min,"Drama, Mystery, Thriller",7.9,7220243
Toy Story 2,1999,U,92 min,"Animation, Adventure, Comedy",7.9,245852179
Boogie Nights,1997,R,155 min,Drama,7.9,26400640
Mimi wo sumaseba,1995,U,111 min,"Animation, Drama, Family",7.9,
Once Were Warriors,1994,A,102 min,"Crime, Drama",7.9,2201126
True Romance,1993,R,119 min,"Crime, Drama, Romance",7.9,12281500
Trois couleurs: Bleu,1993,U,94 min,"Drama, Music, Mystery",7.9,1324974
Jûbê ninpûchô,1993,A,94 min,"Animation, Action, Adventure",7.9,
Carlito's Way,1993,A,144 min,"Crime, Drama, Thriller",7.9,36948322
Edward Scissorhands,1990,U,105 min,"Drama, Fantasy, Romance",7.9,56362352
My Left Foot: The Story of Christy Brown,1989,U,103 min,"Biography, Drama",7.9,14743391
Crimes and Misdemeanors,1989,PG-13,104 min,"Comedy, Drama",7.9,18254702
The Untouchables,1987,A,119 min,"Crime, Drama, Thriller",7.9,76270454
Hannah and Her Sisters,1986,PG-13,107 min,"Comedy, Drama",7.9,40084041
Brazil,1985,U,132 min,"Drama, Sci-Fi",7.9,9929135
This Is Spinal Tap,1984,R,82 min,"Comedy, Music",7.9,188751
A Christmas Story,1983,U,93 min,"Comedy, Family",7.9,20605209
The Blues Brothers,1980,U,133 min,"Action, Adventure, Comedy",7.9,57229890
Manhattan,1979,R,96 min,"Comedy, Drama, Romance",7.9,45700000
All That Jazz,1979,A,123 min,"Drama, Music, Musical",7.9,37823676
Dawn of the Dead,1978,A,127 min,"Action, Adventure, Horror",7.9,5100000
All the President's Men,1976,U,138 min,"Biography, Drama, History",7.9,70600000
La montaña sagrada,1973,R,114 min,"Adventure, Drama, Fantasy",7.9,61001
Amarcord,1973,R,123 min,"Comedy, Drama, Family",7.9,
Le charme discret de la bourgeoisie,1972,PG,102 min,Comedy,7.9,198809
"Aguirre, der Zorn Gottes",1972,,95 min,"Action, Adventure, Biography",7.9,
Harold and Maude,1971,PG,91 min,"Comedy, Drama, Romance",7.9,
Patton,1970,U,172 min,"Biography, Drama, War",7.9,61700000
The Wild Bunch,1969,A,145 min,"Action, Adventure, Western",7.9,12064472
Night of the Living Dead,1968,,96 min,"Horror, Thriller",7.9,89029
The Lion in Winter,1968,PG,134 min,"Biography, Drama, History",7.9,22276975
In the Heat of the Night,1967,U,110 min,"Crime, Drama, Mystery",7.9,24379978
Charade,1963,U,113 min,"Comedy, Mystery, Romance",7.9,13474588
The Manchurian Candidate,1962,PG-13,126 min,"Drama, Thriller",7.9,
Spartacus,1960,A,197 min,"Adventure, Biography, Drama",7.9,30000000
L'avventura,1960,U,144 min,"Drama, Mystery",7.9,
Hiroshima mon amour,1959,,90 min,"Drama, Romance",7.9,88300
The Ten Commandments,1956,U,220 min,"Adventure, Drama",7.9,93740000
The Searchers,1956,Passed,119 min,"Adventure, Drama, Western",7.9,
East of Eden,1955,U,118 min,Drama,7.9,
High Noon,1952,PG,85 min,"Drama, Thriller, Western",7.9,9450000
Strangers on a Train,1951,A,101 min,"Crime, Film-Noir, Thriller",7.9,7630000
Harvey,1950,Approved,104 min,"Comedy, Drama, Fantasy",7.9,
Miracle on 34th Street,1947,,96 min,"Comedy, Drama, Family",7.9,2650000
Notorious,1946,U,102 min,"Drama, Film-Noir, Romance",7.9,10464000
The Big Sleep,1946,Passed,114 min,"Crime, Film-Noir, Mystery",7.9,6540000
The Lost Weekend,1945,Passed,101 min,"Drama, Film-Noir",7.9,9460000
The Philadelphia Story,1940,,112 min,"Comedy, Romance",7.9,
His Girl Friday,1940,Passed,92 min,"Comedy, Drama, Romance",7.9,296000
The Adventures of Robin Hood,1938,PG,102 min,"Action, Adventure, Romance",7.9,3981000
A Night at the Opera,1935,Passed,96 min,"Comedy, Music, Musical",7.9,2537520
King Kong,1933,Passed,100 min,"Adventure, Horror, Sci-Fi",7.9,10000000
Freaks,1932,,64 min,"Drama, Horror",7.9,
Nosferatu,1922,,94 min,"Fantasy, Horror",7.9,
The Gentlemen,2019,A,113 min,"Action, Comedy, Crime",7.8,
Raazi,2018,UA,138 min,"Action, Drama, Thriller",7.8,
Sound of Metal,2019,R,120 min,"Drama, Music",7.8,
Forushande,2016,UA,124 min,Drama,7.8,2402067
Dunkirk,2017,UA,106 min,"Action, Drama, History",7.8,188373161
Perfetti sconosciuti,2016,,96 min,"Comedy, Drama",7.8,
Hidden Figures,2016,UA,127 min,"Biography, Drama, History",7.8,169607287
Paddington 2,2017,U,103 min,"Adventure, Comedy, Family",7.8,40442052
Udta Punjab,2016,A,148 min,"Action, Crime, Drama",7.8,
Kubo and the Two Strings,2016,PG,101 min,"Animation, Action, Adventure",7.8,48023088
M.S. Dhoni: The Untold Story,2016,U,184 min,"Biography, Drama, Sport",7.8,1782795
Manchester by the Sea,2016,UA,137 min,Drama,7.8,47695120
Under sandet,2015,R,100 min,"Drama, History, War",7.8,435266
Rogue One,2016,UA,133 min,"Action, Adventure, Sci-Fi",7.8,532177324
Captain America: Civil War,2016,UA,147 min,"Action, Adventure, Sci-Fi",7.8,408084349
The Hateful Eight,2015,A,168 min,"Crime, Drama, Mystery",7.8,54117416
Little Women,2019,U,135 min,"Drama, Romance",7.8,108101214
Loving Vincent,2017,UA,94 min,"Animation, Biography, Crime",7.8,6735118
Pride,2014,R,119 min,"Biography, Comedy, Drama",7.8,
Le passé,2013,PG-13,130 min,"Drama, Mystery",7.8,1330596
La grande bellezza,2013,,141 min,Drama,7.8,2852400
The Lunchbox,2013,U,104 min,"Drama, Romance",7.8,4231500
Vicky Donor,2012,UA,126 min,"Comedy, Romance",7.8,169209
Big Hero 6,2014,U,102 min,"Animation, Action, Adventure",7.8,222527828
About Time,2013,R,123 min,"Comedy, Drama, Fantasy",7.8,15322921
English Vinglish,2012,U,134 min,"Comedy, Drama, Family",7.8,1670773
Kaze tachinu,2013,PG-13,126 min,"Animation, Biography, Drama",7.8,5209580
Toy Story 4,2019,U,100 min,"Animation, Adventure, Comedy",7.8,434038008
La migliore offerta,2013,R,131 min,"Crime, Drama, Mystery",7.8,85433
Moonrise Kingdom,2012,A,94 min,"Comedy, Drama, Romance",7.8,45512466
How to Train Your Dragon 2,2014,U,102 min,"Animation, Action, Adventure",7.8,177002924
The Big Short,2015,A,130 min,"Biography, Comedy, Drama",7.8,70259870
Kokuhaku,2010,,106 min,"Drama, Thriller",7.8,
Ang-ma-reul bo-at-da,2010,,144 min,"Action, Crime, Drama",7.8,128392
The Girl with the Dragon Tattoo,2011,R,158 min,"Crime, Drama, Mystery",7.8,102515793
Captain Phillips,2013,UA,134 min,"Adventure, Biography, Crime",7.8,107100855
Ajeossi,2010,R,119 min,"Action, Crime, Drama",7.8,6460
Straight Outta Compton,2015,R,147 min,"Biography, Drama, History",7.8,161197785
Madeo,2009,R,129 min,"Crime, Drama, Mystery",7.8,547292
Chugyeokja,2008,,125 min,"Action, Crime, Thriller",7.8,
The Hobbit: The Desolation of Smaug,2013,UA,161 min,"Adventure, Fantasy",7.8,258366855
Das weiße Band - Eine deutsche Kindergeschichte,2009,UA,144 min,"Drama, History, Mystery",7.8,2222647
Män som hatar kvinnor,2009,R,152 min,"Crime, Drama, Mystery",7.8,10095170
The Trial of the Chicago 7,2020,R,129 min,"Drama, History, Thriller",7.8,
Druk,2020,,117 min,"Comedy, Drama",7.8,
The Fighter,2010,UA,116 min,"Biography, Drama, Sport",7.8,93617009
Taken,2008,A,90 min,"Action, Thriller",7.8,145000989
The Boy in the Striped Pyjamas,2008,PG-13,94 min,"Drama, History, War",7.8,9030581
Once,2007,R,86 min,"Drama, Music, Romance",7.8,9439923
The Hobbit: An Unexpected Journey,2012,UA,169 min,"Adventure, Fantasy",7.8,303003568
Auf der anderen Seite,2007,,122 min,Drama,7.8,741283
Atonement,2007,R,123 min,"Drama, Mystery, Romance",7.8,50927067
Drive,2011,A,100 min,"Crime, Drama",7.8,35061555
American Gangster,2007,A,157 min,"Biography, Crime, Drama",7.8,130164645
Avatar,2009,UA,162 min,"Action, Adventure, Fantasy",7.8,760507625
Mr. Nobody,2009,R,141 min,"Drama, Fantasy, Romance",7.8,3600
Apocalypto,2006,A,139 min,"Action, Adventure, Drama",7.8,50866635
Little Miss Sunshine,2006,UA,101 min,"Comedy, Drama",7.8,59891098
Hot Fuzz,2007,UA,121 min,"Action, Comedy, Mystery",7.8,23637265
The Curious Case of Benjamin Button,2008,UA,166 min,"Drama, Fantasy, Romance",7.8,127509326
Veer-Zaara,2004,U,192 min,"Drama, Family, Musical",7.8,2921738
Adams æbler,2005,R,94 min,"Comedy, Crime, Drama",7.8,1305
Pride & Prejudice,2005,PG,129 min,"Drama, Romance",7.8,38405088
The World's Fastest Indian,2005,U,127 min,"Biography, Drama, Sport",7.8,5128124
Tôkyô goddofâzâzu,2003,UA,90 min,"Animation, Adventure, Comedy",7.8,128985
Serenity,2005,PG-13,119 min,"Action, Adventure, Sci-Fi",7.8,25514517
Walk the Line,2005,PG-13,136 min,"Biography, Drama, Music",7.8,119519402
Ondskan,2003,,113 min,Drama,7.8,15280
The Notebook,2004,A,123 min,"Drama, Romance",7.8,81001787
Diarios de motocicleta,2004,U,126 min,"Adventure, Biography, Drama",7.8,16756372
Lilja 4-ever,2002,R,109 min,"Crime, Drama",7.8,181655
Les triplettes de Belleville,2003,PG-13,80 min,"Animation, Comedy, Drama",7.8,7002255
Gongdong gyeongbi guyeok JSA,2000,,110 min,"Action, Drama, Thriller",7.8,
The Count of Monte Cristo,2002,PG-13,131 min,"Action, Adventure, Drama",7.8,54234062
Waking Life,2001,R,99 min,"Animation, Drama, Fantasy",7.8,2892011
Remember the Titans,2000,U,113 min,"Biography, Drama, Sport",7.8,115654751
Wo hu cang long,2000,UA,120 min,"Action, Adventure, Fantasy",7.8,128078872
Todo sobre mi madre,1999,R,101 min,Drama,7.8,8264530
Cast Away,2000,UA,143 min,"Adventure, Drama, Romance",7.8,233632142
The Boondock Saints,1999,R,108 min,"Action, Crime, Thriller",7.8,25812
The Insider,1999,UA,157 min,"Biography, Drama, Thriller",7.8,28965197
October Sky,1999,PG,108 min,"Biography, Drama, Family",7.8,32481825
Shrek,2001,U,90 min,"Animation, Adventure, Comedy",7.8,267665011
Titanic,1997,UA,194 min,"Drama, Romance",7.8,659325379
Hana-bi,1997,,103 min,"Crime, Drama, Romance",7.8,233986
Gattaca,1997,UA,106 min,"Drama, Sci-Fi, Thriller",7.8,12339633
The Game,1997,UA,129 min,"Action, Drama, Mystery",7.8,48323648
Breaking the Waves,1996,R,159 min,Drama,7.8,4040691
Ed Wood,1994,U,127 min,"Biography, Comedy, Drama",7.8,5887457
What's Eating Gilbert Grape,1993,U,118 min,Drama,7.8,9170214
Tombstone,1993,R,130 min,"Action, Biography, Drama",7.8,56505065
The Sandlot,1993,U,101 min,"Comedy, Drama, Family",7.8,32416586
The Remains of the Day,1993,U,134 min,"Drama, Romance",7.8,22954968
Naked,1993,,132 min,"Comedy, Drama",7.8,1769305
The Fugitive,1993,U,130 min,"Action, Crime, Drama",7.8,183875760
A Bronx Tale,1993,R,121 min,"Crime, Drama, Romance",7.8,17266971
Batman: Mask of the Phantasm,1993,PG,76 min,"Animation, Action, Crime",7.8,5617391
Lat sau san taam,1992,R,128 min,"Action, Crime, Thriller",7.8,
Night on Earth,1991,R,129 min,"Comedy, Drama",7.8,2015810
La double vie de Véronique,1991,R,98 min,"Drama, Fantasy, Music",7.8,1999955
Boyz n the Hood,1991,A,112 min,"Crime, Drama",7.8,57504069
Misery,1990,R,107 min,"Drama, Thriller",7.8,61276872
Awakenings,1990,U,121 min,"Biography, Drama",7.8,52096475
Majo no takkyûbin,1989,U,103 min,"Animation, Adventure, Drama",7.8,
Glory,1989,R,122 min,"Biography, Drama, History",7.8,26830000
Dip huet seung hung,1989,R,111 min,"Action, Crime, Drama",7.8,
Back to the Future Part II,1989,U,108 min,"Adventure, Comedy, Sci-Fi",7.8,118500000
Mississippi Burning,1988,A,128 min,"Crime, Drama, History",7.8,34603943
Predator,1987,A,107 min,"Action, Adventure, Sci-Fi",7.8,59735548
Evil Dead II,1987,A,84 min,"Action, Comedy, Fantasy",7.8,5923044
Ferris Bueller's Day Off,1986,U,103 min,Comedy,7.8,70136369
Down by Law,1986,R,107 min,"Comedy, Crime, Drama",7.8,1436000
The Goonies,1985,U,114 min,"Adventure, Comedy, Family",7.8,61503218
The Color Purple,1985,U,154 min,Drama,7.8,98467863
The Breakfast Club,1985,UA,97 min,"Comedy, Drama",7.8,45875171
The Killing Fields,1984,UA,141 min,"Biography, Drama, History",7.8,34700291
Ghostbusters,1984,UA,105 min,"Action, Comedy, Fantasy",7.8,238632124
The Right Stuff,1983,PG,193 min,"Adventure, Biography, Drama",7.8,21500000
The King of Comedy,1982,U,109 min,"Comedy, Crime, Drama",7.8,2500000
E.T. the Extra-Terrestrial,1982,U,115 min,"Family, Sci-Fi",7.8,435110554
Kramer vs. Kramer,1979,A,105 min,Drama,7.8,106260000
Days of Heaven,1978,PG,94 min,"Drama, Romance",7.8,
The Outlaw Josey Wales,1976,A,135 min,Western,7.8,31800000
The Man Who Would Be King,1975,PG,129 min,"Adventure, History, War",7.8,
The Conversation,1974,U,113 min,"Drama, Mystery, Thriller",7.8,4420000
La planète sauvage,1973,U,72 min,"Animation, Sci-Fi",7.8,193817
The Day of the Jackal,1973,A,143 min,"Crime, Drama, Thriller",7.8,16056255
Badlands,1973,PG,94 min,"Action, Crime, Drama",7.8,
Cabaret,1972,A,124 min,"Drama, Music, Musical",7.8,42765000
Willy Wonka & the Chocolate Factory,1971,U,100 min,"Family, Fantasy, Musical",7.8,4000000
Midnight Cowboy,1969,A,113 min,Drama,7.8,44785053
Wait Until Dark,1967,,108 min,Thriller,7.8,17550741
Guess Who's Coming to Dinner,1967,,108 min,"Comedy, Drama",7.8,56700000
Bonnie and Clyde,1967,A,111 min,"Action, Biography, Crime",7.8,
My Fair Lady,1964,U,170 min,"Drama, Family, Musical",7.8,72000000
Mary Poppins,1964,U,139 min,"Comedy, Family, Fantasy",7.8,102272727
The Longest Day,1962,G,178 min,"Action, Drama, History",7.8,39100000
Jules et Jim,1962,,105 min,"Drama, Romance",7.8,
The Innocents,1961,A,100 min,Horror,7.8,2616000
À bout de souffle,1960,U,90 min,"Crime, Drama",7.8,336705
Red River,1948,Passed,133 min,"Action, Adventure, Drama",7.8,
Key Largo,1948,,100 min,"Action, Crime, Drama",7.8,
To Have and Have Not,1944,PG,100 min,"Adventure, Comedy, Film-Noir",7.8,
Shadow of a Doubt,1943,PG,108 min,"Film-Noir, Thriller",7.8,
Stagecoach,1939,Passed,96 min,"Adventure, Drama, Western",7.8,
The Lady Vanishes,1938,,96 min,"Mystery, Thriller",7.8,
Bringing Up Baby,1938,Passed,102 min,"Comedy, Family, Romance",7.8,
Bride of Frankenstein,1935,,75 min,"Drama, Horror, Sci-Fi",7.8,4360000
Duck Soup,1933,,69 min,"Comedy, Musical, War",7.8,
Scarface: The Shame of the Nation,1932,PG,93 min,"Action, Crime, Drama",7.8,
Frankenstein,1931,Passed,70 min,"Drama, Horror, Sci-Fi",7.8,
Roma,2018,R,135 min,Drama,7.7,
God's Own Country,2017,,104 min,"Drama, Romance",7.7,335609
Deadpool 2,2018,R,119 min,"Action, Adventure, Comedy",7.7,324591735
Wind River,2017,R,107 min,"Crime, Drama, Mystery",7.7,33800859
Get Out,2017,R,104 min,"Horror, Mystery, Thriller",7.7,176040665
Mission: Impossible - Fallout,2018,UA,147 min,"Action, Adventure, Thriller",7.7,220159104
En man som heter Ove,2015,PG-13,116 min,"Comedy, Drama, Romance",7.7,3358518
What We Do in the Shadows,2014,R,86 min,"Comedy, Horror",7.7,3333000
Omoide no Mânî,2014,U,103 min,"Animation, Drama, Family",7.7,765127
The Theory of Everything,2014,U,123 min,"Biography, Drama, Romance",7.7,35893537
Kingsman: The Secret Service,2014,A,129 min,"Action, Adventure, Comedy",7.7,128261724
The Fault in Our Stars,2014,UA,126 min,"Drama, Romance",7.7,124872350
Me and Earl and the Dying Girl,2015,PG-13,105 min,"Comedy, Drama",7.7,6743776
Birdman or (The Unexpected Virtue of Ignorance),2014,A,119 min,"Comedy, Drama",7.7,42340598
La vie d'Adèle,2013,A,180 min,"Drama, Romance",7.7,2199675
Kai po che!,2013,U,130 min,"Drama, Sport",7.7,1122527
The Broken Circle Breakdown,2012,,111 min,"Drama, Music, Romance",7.7,175058
Captain America: The Winter Soldier,2014,UA,136 min,"Action, Adventure, Sci-Fi",7.7,259766572
Rockstar,2011,UA,159 min,"Drama, Music, Musical",7.7,985912
Nebraska,2013,UA,115 min,"Adventure, Comedy, Drama",7.7,17654912
Wreck-It Ralph,2012,U,101 min,"Animation, Adventure, Comedy",7.7,189422889
Le Petit Prince,2015,PG,108 min,"Animation, Adventure, Drama",7.7,1339152
Detachment,2011,,98 min,Drama,7.7,71177
Midnight in Paris,2011,PG-13,96 min,"Comedy, Fantasy, Romance",7.7,56816662
The Lego Movie,2014,U,100 min,"Animation, Action, Adventure",7.7,257760692
Gravity,2013,UA,91 min,"Drama, Sci-Fi, Thriller",7.7,274092705
Star Trek Into Darkness,2013,UA,132 min,"Action, Adventure, Sci-Fi",7.7,228778661
Beasts of No Nation,2015,,137 min,"Drama, War",7.7,83861
The Social Network,2010,UA,120 min,"Biography, Drama",7.7,96962694
X: First Class,2011,UA,131 min,"Action, Adventure, Sci-Fi",7.7,146408305
The Hangover,2009,UA,100 min,Comedy,7.7,277322503
Skyfall,2012,UA,143 min,"Action, Adventure, Thriller",7.7,304360277
Silver Linings Playbook,2012,A,122 min,"Comedy, Drama, Romance",7.7,132092958
Argo,2012,A,120 min,"Biography, Drama, Thriller",7.7,136025503
(500) Days of Summer,2009,UA,95 min,"Comedy, Drama, Romance",7.7,32391374
Harry Potter and the Deathly Hallows: Part 1,2010,A,146 min,"Adventure, Family, Fantasy",7.7,295983305
Gake no ue no Ponyo,2008,U,101 min,"Animation, Adventure, Comedy",7.7,15090400
Frost/Nixon,2008,R,122 min,"Biography, Drama, History",7.7,18593156
Papurika,2006,U,90 min,"Animation, Drama, Fantasy",7.7,881302
Changeling,2008,R,141 min,"Biography, Crime, Drama",7.7,35739802
Flipped,2010,PG,90 min,"Comedy, Drama, Romance",7.7,1752214
Toki o kakeru shôjo,2006,U,98 min,"Animation, Adventure, Comedy",7.7,
Death Note: Desu nôto,2006,,126 min,"Crime, Drama, Fantasy",7.7,
This Is England,2006,,101 min,"Crime, Drama",7.7,327919
Ex Machina,2014,UA,108 min,"Drama, Sci-Fi, Thriller",7.7,25442958
Efter brylluppet,2006,R,120 min,Drama,7.7,412544
The Last King of Scotland,2006,R,123 min,"Biography, Drama, History",7.7,17605861
Zodiac,2007,UA,157 min,"Crime, Drama, Mystery",7.7,33080084
Lucky Number Slevin,2006,R,110 min,"Action, Crime, Drama",7.7,22494487
Joyeux Noël,2005,PG-13,116 min,"Drama, History, Music",7.7,1054361
Control,2007,R,122 min,"Biography, Drama, Music",7.7,871577
Tangled,2010,U,100 min,"Animation, Adventure, Comedy",7.7,200821936
Zwartboek,2006,R,145 min,"Drama, Thriller, War",7.7,4398392
Brokeback Mountain,2005,A,134 min,"Drama, Romance",7.7,83043761
3:10 to Yuma,2007,A,122 min,"Action, Crime, Drama",7.7,53606916
Crash,2004,UA,112 min,"Crime, Drama, Thriller",7.7,54580300
Kung fu,2004,UA,99 min,"Action, Comedy, Fantasy",7.7,17108591
The Bourne Supremacy,2004,A,108 min,"Action, Mystery, Thriller",7.7,176241941
The Machinist,2004,R,101 min,"Drama, Thriller",7.7,1082715
Ray,2004,A,152 min,"Biography, Drama, Music",7.7,75331600
Lost in Translation,2003,UA,102 min,"Comedy, Drama",7.7,44585453
Harry Potter and the Goblet of Fire,2005,UA,157 min,"Adventure, Family, Fantasy",7.7,290013036
Man on Fire,2004,UA,146 min,"Action, Crime, Drama",7.7,77911774
Coraline,2009,U,100 min,"Animation, Drama, Family",7.7,75286229
The Last Samurai,2003,UA,154 min,"Action, Drama",7.7,111110575
The Magdalene Sisters,2002,R,114 min,Drama,7.7,4890878
Good Bye Lenin!,2003,R,121 min,"Comedy, Drama, Romance",7.7,4064200
In America,2002,PG-13,105 min,Drama,7.7,15539266
I Am Sam,2001,PG-13,132 min,Drama,7.7,40311852
Adaptation.,2002,R,115 min,"Comedy, Drama",7.7,22245861
Black Hawk Down,2001,A,144 min,"Drama, History, War",7.7,108638745
Road to Perdition,2002,A,117 min,"Crime, Drama, Thriller",7.7,104454762
Das Experiment,2001,R,120 min,"Drama, Thriller",7.7,141072
Billy Elliot,2000,R,110 min,"Drama, Music",7.7,21995263
Hedwig and the Angry Inch,2001,R,95 min,"Comedy, Drama, Music",7.7,3029081
Ocean's Eleven,2001,UA,116 min,"Crime, Thriller",7.7,183417150
Vampire Hunter D: Bloodlust,2000,U,103 min,"Animation, Action, Fantasy",7.7,151086
"O Brother, Where Art Thou?",2000,U,107 min,"Adventure, Comedy, Crime",7.7,45512588
Interstate 60: Episodes of the Road,2002,R,116 min,"Adventure, Comedy, Drama",7.7,
"South Park: Bigger, Longer & Uncut",1999,A,81 min,"Animation, Comedy, Fantasy",7.7,52037603
Office Space,1999,R,89 min,Comedy,7.7,10824921
Happiness,1998,,134 min,"Comedy, Drama",7.7,2807390
Training Day,2001,A,122 min,"Crime, Drama, Thriller",7.7,76631907
Rushmore,1998,UA,93 min,"Comedy, Drama, Romance",7.7,17105219
Abre los ojos,1997,U,119 min,"Drama, Mystery, Sci-Fi",7.7,368234
Being John Malkovich,1999,R,113 min,"Comedy, Drama, Fantasy",7.7,22858926
As Good as It Gets,1997,A,139 min,"Comedy, Drama, Romance",7.7,148478011
The Fifth Element,1997,UA,126 min,"Action, Adventure, Sci-Fi",7.7,63540020
Le dîner de cons,1998,PG-13,80 min,Comedy,7.7,4065116
Donnie Brasco,1997,A,127 min,"Biography, Crime, Drama",7.7,41909762
Shine,1996,U,105 min,"Biography, Drama, Music",7.7,35811509
Primal Fear,1996,A,129 min,"Crime, Drama, Mystery",7.7,56116183
Hamlet,1996,PG-13,242 min,Drama,7.7,4414535
A Little Princess,1995,U,97 min,"Drama, Family, Fantasy",7.7,10019307
Do lok tin si,1995,UA,99 min,"Comedy, Crime, Drama",7.7,
Il postino,1994,U,108 min,"Biography, Comedy, Drama",7.7,21848932
Clerks,1994,R,92 min,Comedy,7.7,3151130
Short Cuts,1993,R,188 min,"Comedy, Drama",7.7,6110979
Philadelphia,1993,UA,125 min,Drama,7.7,77324422
The Muppet Christmas Carol,1992,G,85 min,"Comedy, Drama, Family",7.7,27281507
Malcolm X,1992,U,202 min,"Biography, Drama, History",7.7,48169908
The Last of the Mohicans,1992,UA,112 min,"Action, Adventure, Drama",7.7,75505856
Kurenai no buta,1992,U,94 min,"Animation, Adventure, Comedy",7.7,
Glengarry Glen Ross,1992,R,100 min,"Crime, Drama, Mystery",7.7,10725228
A Few Good Men,1992,U,138 min,"Drama, Thriller",7.7,141340178
Fried Green Tomatoes,1991,PG-13,130 min,Drama,7.7,82418501
Barton Fink,1991,U,116 min,"Comedy, Drama, Thriller",7.7,6153939
Miller's Crossing,1990,R,115 min,"Crime, Drama, Thriller",7.7,5080409
Who Framed Roger Rabbit,1988,U,104 min,"Animation, Adventure, Comedy",7.7,156452370
Spoorloos,1988,,107 min,"Mystery, Thriller",7.7,
Withnail & I,1987,R,107 min,"Comedy, Drama",7.7,1544889
The Last Emperor,1987,U,163 min,"Biography, Drama, History",7.7,43984230
Empire of the Sun,1987,U,153 min,"Action, Drama, History",7.7,22238696
Der Name der Rose,1986,R,130 min,"Crime, Drama, Mystery",7.7,7153487
Blue Velvet,1986,A,120 min,"Drama, Mystery, Thriller",7.7,8551228
The Purple Rose of Cairo,1985,U,82 min,"Comedy, Fantasy, Romance",7.7,10631333
After Hours,1985,UA,97 min,"Comedy, Crime, Drama",7.7,10600000
Zelig,1983,PG,79 min,Comedy,7.7,11798616
The Verdict,1982,U,129 min,Drama,7.7,54000000
Star Trek II: The Wrath of Khan,1982,U,113 min,"Action, Adventure, Sci-Fi",7.7,78912963
First Blood,1982,A,93 min,"Action, Adventure",7.7,47212904
Ordinary People,1980,U,124 min,Drama,7.7,54800000
Airplane!,1980,U,88 min,Comedy,7.7,83400000
Rupan sansei: Kariosutoro no shiro,1979,U,100 min,"Animation, Adventure, Family",7.7,
Halloween,1978,A,91 min,"Horror, Thriller",7.7,47000000
Le locataire,1976,R,126 min,"Drama, Thriller",7.7,1924733
Love and Death,1975,PG,85 min,"Comedy, War",7.7,
The Taking of Pelham One Two Three,1974,U,104 min,"Action, Crime, Thriller",7.7,
Blazing Saddles,1974,A,93 min,"Comedy, Western",7.7,119500000
Serpico,1973,A,130 min,"Biography, Crime, Drama",7.7,29800000
Enter the Dragon,1973,A,102 min,"Action, Crime, Drama",7.7,25000000
Deliverance,1972,U,109 min,"Adventure, Drama, Thriller",7.7,7056013
The French Connection,1971,A,104 min,"Action, Crime, Drama",7.7,15630710
Dirty Harry,1971,A,102 min,"Action, Crime, Thriller",7.7,35900000
Where Eagles Dare,1968,U,158 min,"Action, Adventure, War",7.7,
The Odd Couple,1968,G,105 min,Comedy,7.7,44527234
The Dirty Dozen,1967,,150 min,"Action, Adventure, War",7.7,45300000
Belle de jour,1967,A,100 min,"Drama, Romance",7.7,26331
A Man for All Seasons,1966,U,120 min,"Biography, Drama, History",7.7,28350000
Repulsion,1965,,105 min,"Drama, Horror, Thriller",7.7,
Zulu,1964,U,138 min,"Drama, History, War",7.7,
Goldfinger,1964,A,110 min,"Action, Adventure, Thriller",7.7,51081062
The Birds,1963,A,119 min,"Drama, Horror, Mystery",7.7,11403529
Cape Fear,1962,Passed,106 min,"Drama, Thriller",7.7,
Peeping Tom,1960,,101 min,"Drama, Horror, Thriller",7.7,83957
The Magnificent Seven,1960,Approved,128 min,"Action, Adventure, Western",7.7,4905000
Les yeux sans visage,1960,,90 min,"Drama, Horror",7.7,52709
Invasion of the Body Snatchers,1956,Approved,80 min,"Drama, Horror, Sci-Fi",7.7,
Rebel Without a Cause,1955,PG-13,111 min,Drama,7.7,
The Ladykillers,1955,,91 min,"Comedy, Crime",7.7,
Sabrina,1954,Passed,113 min,"Comedy, Drama, Romance",7.7,
The Quiet Man,1952,Passed,129 min,"Comedy, Drama, Romance",7.7,10550000
The Day the Earth Stood Still,1951,U,92 min,"Drama, Sci-Fi",7.7,
The African Queen,1951,PG,105 min,"Adventure, Drama, Romance",7.7,536118
Gilda,1946,Approved,110 min,"Drama, Film-Noir, Romance",7.7,
Fantasia,1940,G,125 min,"Animation, Family, Fantasy",7.7,76408097
The Invisible Man,1933,TV-PG,71 min,"Horror, Sci-Fi",7.7,
Dark Waters,2019,PG-13,126 min,"Biography, Drama, History",7.6,
Searching,2018,U/A,102 min,"Drama, Mystery, Thriller",7.6,26020957
Once Upon a Time... in Hollywood,2019,A,161 min,"Comedy, Drama",7.6,142502728
Nelyubov,2017,R,127 min,Drama,7.6,566356
The Florida Project,2017,A,111 min,Drama,7.6,5904366
Just Mercy,2019,A,137 min,"Biography, Crime, Drama",7.6,
Gifted,2017,PG-13,101 min,Drama,7.6,24801212
The Peanut Butter Falcon,2019,PG-13,97 min,"Adventure, Comedy, Drama",7.6,13122642
Victoria,2015,,138 min,"Crime, Drama, Romance",7.6,
Mustang,2015,PG-13,97 min,Drama,7.6,845464
Guardians of the Galaxy Vol. 2,2017,UA,136 min,"Action, Adventure, Comedy",7.6,389813101
Baby Driver,2017,UA,113 min,"Action, Crime, Drama",7.6,107825862
Only the Brave,2017,UA,134 min,"Action, Biography, Drama",7.6,18340051
Bridge of Spies,2015,UA,142 min,"Drama, History, Thriller",7.6,72313754
Incredibles 2,2018,UA,118 min,"Animation, Action, Adventure",7.6,608581744
Moana,2016,U,107 min,"Animation, Adventure, Comedy",7.6,248757044
Sicario,2015,A,121 min,"Action, Crime, Drama",7.6,46889293
Creed,2015,A,133 min,"Drama, Sport",7.6,109767581
Leviafan,2014,R,140 min,"Crime, Drama",7.6,1092800
Hell or High Water,2016,R,102 min,"Action, Crime, Drama",7.6,26862450
Philomena,2013,PG-13,98 min,"Biography, Comedy, Drama",7.6,37707719
Dawn of the Planet of the Apes,2014,UA,130 min,"Action, Adventure, Drama",7.6,208545589
El cuerpo,2012,,112 min,"Mystery, Thriller",7.6,
Serbuan maut,2011,A,101 min,"Action, Thriller",7.6,4105123
End of Watch,2012,A,109 min,"Action, Crime, Drama",7.6,41003371
Kari-gurashi no Arietti,2010,U,94 min,"Animation, Adventure, Family",7.6,19202743
A Star Is Born,2018,UA,136 min,"Drama, Music, Romance",7.6,215288866
True Grit,2010,PG-13,110 min,"Drama, Western",7.6,171243005
Hævnen,2010,R,118 min,"Drama, Romance",7.6,1008098
Despicable Me,2010,U,95 min,"Animation, Comedy, Crime",7.6,251513985
50/50,2011,R,100 min,"Comedy, Drama, Romance",7.6,35014192
Kick-Ass,2010,UA,117 min,"Action, Comedy, Crime",7.6,48071303
Celda 211,2009,,113 min,"Action, Adventure, Crime",7.6,
Moneyball,2011,PG-13,133 min,"Biography, Drama, Sport",7.6,75605492
La piel que habito,2011,R,120 min,"Drama, Horror, Thriller",7.6,3185812
Zombieland,2009,A,88 min,"Adventure, Comedy, Fantasy",7.6,75590286
Die Welle,2008,,107 min,"Drama, Thriller",7.6,
Sherlock Holmes,2009,PG-13,128 min,"Action, Adventure, Mystery",7.6,209028679
The Blind Side,2009,UA,129 min,"Biography, Drama, Sport",7.6,255959475
The Visitor,2007,PG-13,104 min,Drama,7.6,9422422
Seven Pounds,2008,UA,123 min,Drama,7.6,69951824
Eastern Promises,2007,R,100 min,"Action, Crime, Drama",7.6,17114882
Stardust,2007,U,127 min,"Adventure, Family, Fantasy",7.6,38634938
The Secret of Kells,2009,,71 min,"Animation, Adventure, Family",7.6,686383
Inside Man,2006,R,129 min,"Crime, Drama, Mystery",7.6,88513495
Gone Baby Gone,2007,R,114 min,"Crime, Drama, Mystery",7.6,20300218
La Vie En Rose,2007,PG-13,140 min,"Biography, Drama, Music",7.6,10301706
Huo Yuan Jia,2006,PG-13,104 min,"Action, Biography, Drama",7.6,24633730
The Illusionist,2006,U,110 min,"Drama, Fantasy, Mystery",7.6,39868642
Dead Man's Shoes,2004,,90 min,"Crime, Drama, Thriller",7.6,6013
Harry Potter and the Half-Blood Prince,2009,UA,153 min,"Action, Adventure, Family",7.6,301959197
300,2006,A,117 min,"Action, Drama",7.6,210614939
Match Point,2005,R,124 min,"Drama, Romance, Thriller",7.6,23089926
Watchmen,2009,A,162 min,"Action, Drama, Mystery",7.6,107509799
Lord of War,2005,R,122 min,"Action, Crime, Drama",7.6,24149632
Saw,2004,UA,103 min,"Horror, Mystery, Thriller",7.6,56000369
"Synecdoche, New York",2008,R,124 min,Drama,7.6,3081925
Mysterious Skin,2004,R,105 min,Drama,7.6,697181
Jeux d'enfants,2003,R,93 min,"Comedy, Drama, Romance",7.6,548707
Un long dimanche de fiançailles,2004,U,133 min,"Drama, Mystery, Romance",7.6,6167817
The Station Agent,2003,R,89 min,"Comedy, Drama",7.6,5739376
21 Grams,2003,UA,124 min,"Crime, Drama, Thriller",7.6,16290476
Boksuneun naui geot,2002,R,129 min,"Crime, Drama, Thriller",7.6,45289
Finding Neverland,2004,U,106 min,"Biography, Drama, Family",7.6,51680613
25th Hour,2002,R,135 min,Drama,7.6,13060843
The Butterfly Effect,2004,U,113 min,"Drama, Sci-Fi, Thriller",7.6,57938693
28 Days Later...,2002,A,113 min,"Drama, Horror, Sci-Fi",7.6,45064915
Batoru rowaiaru,2000,,114 min,"Action, Adventure, Drama",7.6,
The Royal Tenenbaums,2001,A,110 min,"Comedy, Drama",7.6,52364010
Y tu mamá también,2001,A,106 min,Drama,7.6,13622333
Harry Potter and the Sorcerer's Stone,2001,U,152 min,"Adventure, Family, Fantasy",7.6,317575550
The Others,2001,PG-13,101 min,"Horror, Mystery, Thriller",7.6,96522687
Blow,2001,R,124 min,"Biography, Crime, Drama",7.6,52990775
Enemy at the Gates,2001,A,131 min,"Drama, History, War",7.6,51401758
Minority Report,2002,A,145 min,"Action, Crime, Mystery",7.6,132072926
The Hurricane,1999,R,146 min,"Biography, Drama, Sport",7.6,50668906
American Psycho,2000,A,101 min,"Comedy, Crime, Drama",7.6,15070285
Lola rennt,1998,UA,81 min,"Crime, Drama, Thriller",7.6,7267585
The Thin Red Line,1998,A,170 min,"Drama, War",7.6,36400491
Mulan,1998,U,88 min,"Animation, Adventure, Family",7.6,120620254
Fear and Loathing in Las Vegas,1998,R,118 min,"Adventure, Comedy, Drama",7.6,10680275
Funny Games,1997,A,108 min,"Crime, Drama, Thriller",7.6,
Dark City,1998,A,100 min,"Mystery, Sci-Fi, Thriller",7.6,14378331
Sleepers,1996,UA,147 min,"Crime, Drama, Thriller",7.6,49100000
Lost Highway,1997,A,134 min,"Mystery, Thriller",7.6,3796699
Sense and Sensibility,1995,U,136 min,"Drama, Romance",7.6,43182776
Die Hard: With a Vengeance,1995,A,128 min,"Action, Adventure, Thriller",7.6,100012499
Dead Man,1995,R,121 min,"Adventure, Drama, Fantasy",7.6,1037847
The Bridges of Madison County,1995,A,135 min,"Drama, Romance",7.6,71516617
Apollo 13,1995,U,140 min,"Adventure, Drama, History",7.6,173837933
Trois couleurs: Blanc,1994,U,92 min,"Comedy, Drama, Romance",7.6,1464625
Falling Down,1993,R,113 min,"Action, Crime, Drama",7.6,40903593
Dazed and Confused,1993,U,102 min,Comedy,7.6,7993039
My Cousin Vinny,1992,UA,120 min,"Comedy, Crime",7.6,52929168
Omohide poro poro,1991,U,118 min,"Animation, Drama, Romance",7.6,453243
Delicatessen,1991,R,99 min,"Comedy, Crime",7.6,1794187
Home Alone,1990,U,103 min,"Comedy, Family",7.6,285761243
The Godfather: Part III,1990,A,162 min,"Crime, Drama",7.6,66666062
When Harry Met Sally...,1989,UA,95 min,"Comedy, Drama, Romance",7.6,92823600
The Little Mermaid,1989,U,83 min,"Animation, Family, Fantasy",7.6,111543479
The Naked Gun: From the Files of Police Squad!,1988,U,85 min,"Comedy, Crime",7.6,78756177
"Planes, Trains & Automobiles",1987,U,93 min,"Comedy, Drama",7.6,49530280
Lethal Weapon,1987,A,109 min,"Action, Crime, Thriller",7.6,65207127
Blood Simple,1984,A,99 min,"Crime, Drama, Thriller",7.6,2150000
On Golden Pond,1981,UA,109 min,Drama,7.6,119285432
Mad Max 2,1981,A,96 min,"Action, Adventure, Sci-Fi",7.6,12465371
The Warriors,1979,UA,92 min,"Action, Crime, Thriller",7.6,22490039
The Muppet Movie,1979,U,95 min,"Adventure, Comedy, Family",7.6,76657000
Escape from Alcatraz,1979,A,112 min,"Action, Biography, Crime",7.6,43000000
Watership Down,1978,U,91 min,"Animation, Adventure, Drama",7.6,
Midnight Express,1978,A,121 min,"Biography, Crime, Drama",7.6,35000000
Close Encounters of the Third Kind,1977,U,138 min,"Drama, Sci-Fi",7.6,132088635
The Long Goodbye,1973,A,112 min,"Comedy, Crime, Drama",7.6,959000
Giù la testa,1971,PG,157 min,"Drama, War, Western",7.6,696690
Kelly's Heroes,1970,GP,144 min,"Adventure, Comedy, War",7.6,1378435
The Jungle Book,1967,U,78 min,"Animation, Adventure, Family",7.6,141843612
Blowup,1966,A,111 min,"Drama, Mystery, Thriller",7.6,
A Hard Day's Night,1964,U,87 min,"Comedy, Music, Musical",7.6,13780024
Breakfast at Tiffany's,1961,A,115 min,"Comedy, Drama, Romance",7.6,
Giant,1956,G,201 min,"Drama, Western",7.6,
From Here to Eternity,1953,Passed,118 min,"Drama, Romance, War",7.6,30500000
Lifeboat,1944,,97 min,"Drama, War",7.6,
The 39 Steps,1935,,86 min,"Crime, Mystery, Thriller",7.6,